Offer_ID,Deskripsi,Harga,Storage_Millions,Has_Premium,Date_Sold
72793407,"💸⚡50 million + 30 UR. 🏆 / Full link to your data 🛡📧 / ❗mobile version, Arena Breakout Mobile, Sale",15.87,,False,2026-09-01
72793400,"💸⚡30 million + 30 UR. 🏆 / Full link to your data 🛡📧 / ❗mobile version, Arena Breakout Mobile, Sale",9.4,,False,2026-09-01
72793394,"💸⚡20 million + 30 UR. 🏆 / Full link to your data 🛡📧 / ❗mobile version, Arena Breakout Mobile, Sale",5.88,,False,2026-09-01
74289905,"[MOBILE] 22M Stash ( ALL CASH💲), Level 30, KNIFE ( Crowbar ), 5 Outfit, Email, Arena Breakout Mobile, Sale",12.76,22.0,True,2026-09-01
41599428,"Good account for a newbie with mail level 16 3kk warehouse and 2.3kk Cohens, Arena Breakout Mobile, Sale",4.9,3.0,False,2026-09-01
76233616,"Selling my main account. Lots of skins, 1,000+ hours played. Full account showcase is in the video., Arena Breakout Mobile, Sale",62.23,,False,2026-09-01
72265011,"💎Capsule Account (Seasons S1–S4) | 8.3M Stash Value / 4.6M Cash | Rare Items & Event Items💎, Arena Breakout Mobile, Sale",28.92,8.3,False,2026-09-01
55667282,"30 lvl, 700k balance, Arena Breakout Mobile, Sale",98.03,,False,2026-09-01
74575085,"⚡️ INSTANT DELIVERY ⚡️  ACCOUNT $70,000,000 💰 FULL ACCESS (TRANSFER TO YOU) 🔑 LEVEL 30 👑, Arena Breakout Mobile, Sale",44.66,70.0,False,2026-09-01
76303935,"💸⚡10 million + 30 UR. 🏆 / Full link to your data 🛡📧 / ❗mobile version, Arena Breakout Mobile, Sale",15.87,,False,2026-09-01
76303934,"💸⚡10 million + 30 UR. 🏆 / Full link to your data 🛡📧 / ❗mobile version, Arena Breakout Mobile, Sale",11.75,,False,2026-09-01
76303933,"💸⚡10 million + 30 UR. 🏆 / Full link to your data 🛡📧 / ❗mobile version, Arena Breakout Mobile, Sale",9.4,,False,2026-09-01
76303931,"💸⚡10 million + 30 UR. 🏆 / Full link to your data 🛡📧 / ❗mobile version, Arena Breakout Mobile, Sale",5.87,,False,2026-09-01
72793389,"💸⚡10 million + 30 UR. 🏆 / Full link to your data 🛡📧 / ❗mobile version, Arena Breakout Mobile, Sale",3.53,,False,2026-09-01
72894286,"🏙 6.1M STASH 🏙 🏦 3.68M COINS 🏦 🛹 6 LVL 🛹 🌺 EPIC SKINS 🌺 📯 FULL ACCESS 📯 🚟 INSTANT DELIVERY 🚟, Arena Breakout Mobile, Sale",3.31,6.1,False,2026-09-01
75692723,"⚡ 3 T5 SETS (03 + IMTV + COMMANDER'S HEADPHONES) | 4x H416 | CASH 1KK / WAREHOUSE 2KK | RAMBLERMAIL, Arena Breakout Mobile, Sale",0.42,1.0,False,2026-09-01
72948698,"[Mobile ONLY] [level 30] 60M (60 kk) Korn Coins+Other Random Items/ Full Access z-8s, Arena Breakout Mobile, Sale",18.33,60.0,False,2026-09-01
76194827,"SOCHNYY AKK +59 SKINOV I +38 OBLIKOV NA ORUZHIYe, Arena Breakout Mobile, Sale",1.82,,False,2026-09-01
73691573,"Selling an account with a butterfly knife and gloves, cash 177kk, warehouse 244kk, Arena Breakout Mobile, Sale",189.06,177.0,True,2026-09-01
75966639,"!!!10 Million + 5 Skins!!!! (Email included), Arena Breakout Mobile, Sale",3.22,,False,2026-09-01
69921868,"Account S2  has 7 knives, Arena Breakout Mobile, Sale",210.06,,True,2026-09-01
76103574,"\Warehouse 11kk//2.7kk cash//google//, Arena Breakout Mobile, Sale",8.67,11.0,False,2026-09-01
75958337,"Fast sell 47m 35m balik and 3200± m61, Arena Breakout Mobile, Sale",22.41,47.0,False,2026-09-01
75880102,"Selling personal account: lots of knives , plus an inventory worth over 22 million 🌸🌸🌸🌸, Arena Breakout Mobile, Sale",168.05,,True,2026-09-01
75590240,"I sell my account, Arena Breakout Mobile, Sale",186.7,,False,2026-09-01
75513321,"1050m, mk14 kiberpank, 870m in cash, 104 t7, lots of gold skins., Arena Breakout Mobile, Sale",1867.0,1050.0,False,2026-09-01
75420231,"Account 281million 2 knife 1 skin bosses, Arena Breakout Mobile, Sale",161.05,,True,2026-09-01
74035210,"Selling account, a lot of skins 50kk all on screenshots, Arena Breakout Mobile, Sale",154.05,50.0,False,2026-09-01
73173612,"John said you can get the card, Arena Breakout Mobile, Sale",1751.0,,False,2026-09-01
70683078,"[MOBILE]Level 30/60M（60kk）+korn coins/auto sell/dont wait, Arena Breakout Mobile, Sale",17.62,60.0,False,2026-09-01
57580620,"VERY GOOD ACCOUNT🤩 SKLAD 10,8M💲 MONEY 8,5M💰 FAST✅️, Arena Breakout Mobile, Sale",3.5,10.8,False,2026-09-01
63184223,"16M V SKLADE//10M NALICHY, Arena Breakout Mobile, Sale",4.87,16.0,False,2026-09-01
72508791,"[Mobile ONLY] [level 30] 40M(40 kk) Korn Coins+Other Random Items/ Full Access z45, Arena Breakout Mobile, Sale",11.55,40.0,False,2026-09-01
70005480,"🪖 [Mobile version] lvl 30 Ur.30 / 13M warehouse (6.9 cash) /📧Mail + password/, Arena Breakout Mobile, Sale",2.09,13.0,False,2026-09-01
66739248,"Account 40kk, money 13kk, and free account 15kk, Arena Breakout Mobile, Sale",27.85,40.0,False,2026-09-01
72145342,"26M 2 SECRET DOCUMENTS, Arena Breakout Mobile, Sale",41.77,26.0,False,2026-09-01
74300781,"48M storage value 8 outfit skin.  Many of weapon skins. Many of gear skins With 3 utopia☣️ 100%, Arena Breakout Mobile, Sale",37.34,48.0,False,2026-09-01
57915919,"27LVL✨12kk cash💰12.9kk stocks🏢name change card📜speed kits,keys+Gmail,bargaining is appropriate💰🔨, Arena Breakout Mobile, Sale",10.52,12.0,False,2026-09-01
57812463,"23LVL✨5kk cash💰5.6kk stocks🏢name change card📜Speed kits,keys+Gmail mail,bargain is appropriate💰🔨, Arena Breakout Mobile, Sale",4.67,5.0,False,2026-09-01
76231859,"Selling an account🫠, Arena Breakout Mobile, Sale",487.31,,False,2026-09-01
76216043,"empty acc with 2 million and 11, Arena Breakout Mobile, Sale",0.42,,False,2026-09-01
75878754,"Leaving the arena, due to study., Arena Breakout Mobile, Sale",26.45,,False,2026-09-01
74957339,"good account, s1-13 , old skin, skins full guns, and other stuff, Arena Breakout Mobile, Sale",29.24,,False,2026-09-01
74699277,"Account with 100kk storage, Arena Breakout Mobile, Sale",83.54,100.0,False,2026-09-01
69868608,"🔥Storage value: 1100kk+ 🔥5 golden weapons, Arena Breakout Mobile, Sale",995.74,1100.0,False,2026-09-01
49236144,"[MOBILE]Level 30/10M（10kk）+korn coins/Full Access/auto sell/dont wait/lv30/lv30 lvl30(name card), Arena Breakout Mobile, Sale",3.51,10.0,False,2026-09-01
35121073,"Good account ✅️ AUTO-issue ✅️ Level 25 ✅️ Mail ✅️ Thermal imager ✅️ Arena Breakout Mobile 🎮, Arena Breakout Mobile, Sale",22.28,,False,2026-09-01
52713629,"lvl 15 Lv.15 / 5M cash /📧Mail + password / Automatic issue / No waiting!, Arena Breakout Mobile, Sale",2.65,5.0,False,2026-09-01
73705596,"⚡️ INSTANT DELIVERY ⚡️  ACCOUNT $30,000,000 💰 FULL ACCESS (TRANSFER TO YOU) 🔑 LEVEL 30 👑, Arena Breakout Mobile, Sale",16.63,30.0,False,2026-09-01
75982223,"✅🔥✅FAST!✅40M + Level 30✅Fully linked to your own details✅Mobile version✅🔥✅, Arena Breakout Mobile, Sale",18.61,40.0,False,2026-09-01
75730308,"✅🔥✅FAST!✅50M + Level 30✅Fully linked to your own details✅Mobile version✅🔥✅, Arena Breakout Mobile, Sale",22.69,50.0,False,2026-09-01
75730246,"✅🔥✅FAST!✅30M + Level 30✅Fully linked to your own details✅Mobile version✅🔥✅, Arena Breakout Mobile, Sale",16.21,30.0,False,2026-09-01
75730234,"✅🔥✅FAST!✅20M + Level 30✅Fully linked to your own details✅Mobile version✅🔥✅, Arena Breakout Mobile, Sale",10.81,20.0,False,2026-09-01
74486374,"[MOBILE] 23M Stash ( 22M CASH💲), Level 30, KNIFE ( Crowbar ), 3 Outfit, Email, Arena Breakout Mobile, Sale",11.28,23.0,True,2026-09-01
75955588,"FAT ACCOUNT VERY CHEAP, Arena Breakout Mobile, Sale",78.03,,False,2026-09-01
69430897,"💰251M 🪙101m koen⭐5 knives🔪H4 midas, VSS, DMR1, AR1 gold skin🔫2 golden outfits✅Full Access, Arena Breakout Mobile, Sale",590.6,251.0,True,2026-09-01
59293715,"💰570M🔫450M koen👕free knife🪙many outfits and old one✅Full Access, Arena Breakout Mobile, Sale",408.05,570.0,True,2026-09-01
51618511,"💰200M🪙190M koen🏆FAL, mpx, aek, ar1, Vss, lr-dmr1🗡Ajax Knife👕 Halloween Outfit✅Full Access, Arena Breakout Mobile, Sale",375.84,200.0,True,2026-09-01
47847409,"💰610M🪙339M koen🪙280+ T7🗡️Ar1, Ar57 💰 Pharaoh Knife & Smoke Outfit✅Full Access ⚡Fast Delivery, Arena Breakout Mobile, Sale",429.53,610.0,True,2026-09-01
40345251,"💰315M ⭐13 Knives 👕8 Golden Outfits 🔫18 golden Weapons ✅Full Access📧, Arena Breakout Mobile, Sale",966.44,315.0,True,2026-09-01
39015008,"💰583M🪙448M koen🔪 Butterfly Knife🗡Old outfits👕VSS Gold skin ✅Full Access⚡Fast delivery, Arena Breakout Mobile, Sale",429.53,583.0,True,2026-09-01
76194348,"TOP AKK SKINOV NA ORUZH I OBLAKOV NA SNARYAZHENIYe, Arena Breakout Mobile, Sale",1.68,,False,2026-09-01
76230088,"TOP account 130kk💰💰💰 Gmail account for you!!! MANY SKINS, Arena Breakout Mobile, Sale",63.48,130.0,False,2026-09-01
75704566,"Just imbp, Arena Breakout Mobile, Sale",34.82,,False,2026-09-01
76269667,"Golden Karambit and Maxim Outfit, 2x3 Safe, 22 days, Arena Breakout Mobile, Sale",28.63,,False,2026-09-01
75061009,"Selling Account — $70M+ Value | Rare Skins | Seasons 1–13, Arena Breakout Mobile, Sale",859.06,70.0,False,2026-09-01
74447114,"I am selling my personal account, including the associated email address., Arena Breakout Mobile, Sale",60.04,,False,2026-09-01
55734005,"❤‍🩹‼️ **Selling my MAIN Arena Breakout account!** ‼️   ⏳ Season 3 |, Arena Breakout Mobile, Sale",126.08,,False,2026-09-01
71360234,"Owqxijaosidjoiawjdladckomz9*($+', Arena Breakout Mobile, Sale",7.92,,False,2026-09-01
71049194,"Ksgsyzhz, Arena Breakout Mobile, Sale",35.96,,False,2026-09-01
70650531,"Akk 30kk gmail pochta na vas vse, Arena Breakout Mobile, Sale",240.14,30.0,False,2026-09-01
63802064,"Kf of lflflgguxufsjldkfodldurlkdidf, Arena Breakout Mobile, Sale",4.59,,False,2026-09-02
76223343,"75M Stash Value | Ghillie Suit, Lucky Rabbit, Butterfly, Arena Breakout Mobile, Sale",302.96,75.0,False,2026-09-02
75962246,"12,000,000 caches , 3 gold weapon skins , 3 epic costumes, Arena Breakout Mobile, Sale",13.92,12.0,False,2026-09-02
75363272,"40kk main acc, 10 gold operator skins, 6 knifes and more donate skins, Arena Breakout Mobile, Sale",278.38,40.0,True,2026-09-02
74710526,"MUST HAVE account in arena breakout mobile, Arena Breakout Mobile, Sale",56.01,,False,2026-09-02
73340235,"MK14 ICE, KNIFE AMBER CORE, H416,I am selling an account with a large number of expensive skins, Arena Breakout Mobile, Sale",44.54,,True,2026-09-02
61564925,"Good account warehouse 2.8 million 💸💸, Arena Breakout Mobile, Sale",4.87,,False,2026-09-02
61435441,"Good account level 30 🎮 warehouse 14.1kk 💸💸💸💸, Arena Breakout Mobile, Sale",62.66,14.1,False,2026-09-02
71712572,"🔥🔥🔥💲146million💲 top account with skins🔥🔥🔥, Arena Breakout Mobile, Sale",116.82,,False,2026-09-02
76190134,"URGENT SALE OF A FAT ACCOUNT WITH SKINS, Arena Breakout Mobile, Sale",172.98,,False,2026-09-02
76296657,"Are you reading the description, Arena Breakout Mobile, Sale",125.31,,False,2026-09-02
75936680,"🇪🇬ACCOUNT WITH EGYPTIAN KERAMBIT🇪🇬OLD SETS🥶, Arena Breakout Mobile, Sale",69.62,,False,2026-09-02
76042414,"🌟🌟🌟 REAPER, MACHETE, AND COSTUMES🌟EVITA🌟💥SKINS💥💲114.8+ kk💲🔥30 LVL🔥FULL ACCESS🔥, Arena Breakout Mobile, Sale",167.08,,False,2026-09-02
73524496,"Fat account 3 donated knives, 2 donated suits, a lot of very gold cannons and gold equipment, Arena Breakout Mobile, Sale",80.76,,True,2026-09-02
75138790,"Sllslsslle ldlesls ldrvdjzlskdkeeoe  just don't know what you, Arena Breakout Mobile, Sale",0.139,,False,2026-09-02
74122569,"Sell accaunt  allot skins 300million, Arena Breakout Mobile, Sale",1369.0,,False,2026-09-02
74429325,"Please if I didn't know breakout account service mail his phone number, Arena Breakout Mobile, Sale",6.27,,False,2026-09-02
68258428,"jdjd jfjsk fjjsjsksn fjdjkdkd usisjfj, Arena Breakout Mobile, Sale",111.39,,False,2026-09-02
74081059,"24/7 Automatic issuance💥 accounts for your further actions ❤️‍🔥 description, Arena Breakout Mobile, Sale",0.035,,False,2026-09-02
71457611,"Can’t, Arena Breakout Mobile, Sale",97.38,,False,2026-09-02
73866900,"Sale😍😍 have absolutely everything😈 14, 8 knives.♥️ discount in the description🔥🔥🔥, Arena Breakout Mobile, Sale",626.0,,True,2026-09-02
75105016,"I'm selling a very good account and handing it over with all the details., Arena Breakout Mobile, Sale",125.2,,False,2026-09-02
72517012,"I’m selling a great account with lots of skins. It’s an account that has been active since Season 1., Arena Breakout Mobile, Sale",1043.0,,False,2026-09-02
74076736,"🤑 Warehouse 42.0M, 💲💲Cash 37.3M💸💸✅, Arena Breakout Mobile, Sale",24.89,42.0,False,2026-09-02
75607351,"🎮 ARENA BREAKOUT: Mobile 🎮 💜 Google Play * • Level 30 * • 36 🍋 Warehouse Full access •, Arena Breakout Mobile, Sale",27.82,,False,2026-09-02
68689331,"✅✅✅ACC 550k+✅✅✅1 GLOVES✅5 KNIVES✅, Arena Breakout Mobile, Sale",347.78,,True,2026-09-02
69613906,"🔥18kk warehouse🔥8kk in cash, lots of skins, 2 knives: shovel, machete, Arena Breakout Mobile, Sale",51.32,18.0,True,2026-09-02
69613684,"🔥13kk warehouse 🔥 3kk cash, lots of easy weapon skins 🔥 2 knives: shovel, combat machete 🔥, Arena Breakout Mobile, Sale",60.64,13.0,True,2026-09-02
74560715,"🧿Auto‑issue🧿 💛💛💛30Lvl, 17m Warehouse, 14m balance💛💛💛 ❤️ Google ❤️, Arena Breakout Mobile, Sale",9.74,17.0,False,2026-09-02
61989822,"SUPER - PUER MEGA FAT !!!, Arena Breakout Mobile, Sale",132.16,,False,2026-09-02
76025327,"Arenabreakout account sale at a low price, Arena Breakout Mobile, Sale",347.78,,False,2026-09-02
73375797,"Account just got them talk Milano yes or they're not, Arena Breakout Mobile, Sale",72.02,,False,2026-09-02
70092987,"❤️18 level//warehouse 4.4cc//balance 2656k//Change of nickname❤️, Arena Breakout Mobile, Sale",2.77,4.4,False,2026-09-02
75399423,"30 LVL | 11.3KK inventory | 7.5KK money, Arena Breakout Mobile, Sale",9.04,11.3,False,2026-09-02
75880102,"Selling personal account: lots of knives , plus an inventory worth over 22 million 🌸🌸🌸🌸, Arena Breakout Mobile, Sale",166.93,,True,2026-09-02
74756490,"Full Samurai + Full Knight + Full Star Track + 5400, Arena Breakout Mobile, Sale",236.49,,False,2026-09-02
74717422,"An account from Season 4, 3 donation knives, and many other skins, screenshots in the profile, Arena Breakout Mobile, Sale",151.2,,True,2026-09-02
68425334,"Offer a price✅Old account from season 1✅300 million stashes✅There is a knight✅Exclusive skin on✅, Arena Breakout Mobile, Sale",208.67,,False,2026-09-02
73706430,"⚡️ INSTANT DELIVERY ⚡️  ACCOUNT $20,000,000 💰 FULL ACCESS (TRANSFER TO YOU) 🔑 LEVEL 30 👑, Arena Breakout Mobile, Sale",13.94,20.0,False,2026-09-02
75982223,"✅🔥✅FAST!✅40M + Level 30✅Fully linked to your own details✅Mobile version✅🔥✅, Arena Breakout Mobile, Sale",21.46,40.0,False,2026-09-02
75730308,"✅🔥✅FAST!✅50M + Level 30✅Fully linked to your own details✅Mobile version✅🔥✅, Arena Breakout Mobile, Sale",26.16,50.0,False,2026-09-02
75730246,"✅🔥✅FAST!✅30M + Level 30✅Fully linked to your own details✅Mobile version✅🔥✅, Arena Breakout Mobile, Sale",18.69,30.0,False,2026-09-02
75730234,"✅🔥✅FAST!✅20M + Level 30✅Fully linked to your own details✅Mobile version✅🔥✅, Arena Breakout Mobile, Sale",12.46,20.0,False,2026-09-02
75379124,"🔥 TOP AB account | Exclusives | 25+ skins | 12.2 million reserves | 1872 raids, Arena Breakout Mobile, Sale",69.22,,False,2026-09-02
76328376,"💥【Mobile version】lvl 30 / Level 30 / 1m cash / 📧Email + password / Auto-issue / No waiting!, Arena Breakout Mobile, Sale",2.98,1.0,False,2026-09-02
71160550,"🌲124.8m bank 🌲 103.4м Cash 🌲 30 level 🌲 automatic withdrawal 🌲, Arena Breakout Mobile, Sale",124.47,124.8,False,2026-09-02
65300993,"186m STORAGE       131.9m CASH      LEVEL 30 QUICK START, Arena Breakout Mobile, Sale",185.46,186.0,False,2026-09-02
63800174,"🌲 154 bank 🌲107.4m Cash 🌲 30 level 🌲 automatic withdrawal 🌲, Arena Breakout Mobile, Sale",153.1,107.4,False,2026-09-02
37453996,"Selling an account, 115 million warehouse, 75 million, lots of redcoins, 3 disks, Arena Breakout Mobile, Sale",69.22,,False,2026-09-02
65305698,"A delicious account with donations and expensive storage at a reasonable price., Arena Breakout Mobile, Sale",248.94,,False,2026-09-02
43799124,"TOP RICH ACCOUNT, 204 STARS LEGEND. TOP 281 CHAPMAN RATING, ONE LINK (NO SCAM), Arena Breakout Mobile, Sale",207.66,,False,2026-09-02
50076234,"Operator skins , gold gun , knifes big accounts sell, Arena Breakout Mobile, Sale",204.06,,True,2026-09-02
64406937,"account based on skins, Arena Breakout Mobile, Sale",8.31,,False,2026-09-02
36457066,"Arena Breakout operative appearance Season 3,4,5 and BP season 4, Arena Breakout Mobile, Sale",41.53,,False,2026-09-02
74076514,"too good and fat account in arena breakout, Arena Breakout Mobile, Sale",152.28,,False,2026-09-02
73838360,"Arena Breakout Mobile account with a stash value of over 500 million., Arena Breakout Mobile, Sale",969.06,,False,2026-09-02
35121073,"Good account ✅️ AUTO-issue ✅️ Level 25 ✅️ Mail ✅️ Thermal imager ✅️ Arena Breakout Mobile 🎮, Arena Breakout Mobile, Sale",22.15,,False,2026-09-02
36898215,"190🍋,mk14 skinx 161 t7,t7 account, Arena Breakout Mobile, Sale",692.19,,False,2026-09-02
76055269,"Level 24, 5.8M in storage, 3.3M balance; instant delivery., Arena Breakout Mobile, Sale",2.91,5.8,False,2026-09-03
75061009,"Selling Account — $70M+ Value | Rare Skins | Seasons 1–13, Arena Breakout Mobile, Sale",995.74,70.0,False,2026-09-03
49357528,"[MOBILE]Level30/70M（70kk）+korn coins/Full Access/auto sell/dont wait(name card), Arena Breakout Mobile, Sale",21.87,70.0,False,2026-09-03
69430897,"💰251M 🪙101m koen⭐5 knives🔪H4 midas, VSS, DMR1, AR1 gold skin🔫2 golden outfits✅Full Access, Arena Breakout Mobile, Sale",684.57,251.0,True,2026-09-03
59293715,"💰570M🔫450M koen👕free knife🪙many outfits and old one✅Full Access, Arena Breakout Mobile, Sale",472.98,570.0,True,2026-09-03
51618511,"💰200M🪙190M koen🏆FAL, mpx, aek, ar1, Vss, lr-dmr1🗡Ajax Knife👕 Halloween Outfit✅Full Access, Arena Breakout Mobile, Sale",435.64,200.0,True,2026-09-03
47847409,"💰610M🪙339M koen🪙280+ T7🗡️Ar1, Ar57 💰 Pharaoh Knife & Smoke Outfit✅Full Access ⚡Fast Delivery, Arena Breakout Mobile, Sale",497.87,610.0,True,2026-09-03
40345251,"💰315M ⭐13 Knives 👕8 Golden Outfits 🔫18 golden Weapons ✅Full Access📧, Arena Breakout Mobile, Sale",1120.0,315.0,True,2026-09-03
39015008,"💰583M🪙448M koen🔪 Butterfly Knife🗡Old outfits👕VSS Gold skin ✅Full Access⚡Fast delivery, Arena Breakout Mobile, Sale",497.87,583.0,True,2026-09-03
61466320,"Donate account - 6 knives, 5 pairs of gloves, legendary skins, warehouse 5cc, Arena Breakout Mobile, Sale",415.31,5.0,True,2026-09-03
59911246,"Donation account -10kk 💵 / 3 knives / 1 pair of gloves, Arena Breakout Mobile, Sale",415.31,10.0,True,2026-09-03
75179597,"Creator mandalorec, Arena Breakout Mobile, Sale",207.65,,False,2026-09-03
72265011,"💎Capsule Account (Seasons S1–S4) | 8.3M Stash Value / 4.6M Cash | Rare Items & Event Items💎, Arena Breakout Mobile, Sale",28.85,8.3,False,2026-09-03
75725925,"86kk storage, 6 paid knives, stix, 20+ days 2x3 case, Arena Breakout Mobile, Sale",276.87,86.0,True,2026-09-03
74794732,"Akkaunt 30 lvl oc ckinami, Arena Breakout Mobile, Sale",9.54,,False,2026-09-03
74447114,"I am selling my personal account, including the associated email address., Arena Breakout Mobile, Sale",69.22,,False,2026-09-03
55667282,"30 lvl, 700k balance, Arena Breakout Mobile, Sale",96.9,,False,2026-09-03
73335981,"💫ARENA ACCOUNT BREAKOUT 🔝LEVEL 22, Arena Breakout Mobile, Sale",1.38,,False,2026-09-03
69007245,"Personal account, 161 total warehouse shares, one email address, further details in the description, Arena Breakout Mobile, Sale",138.44,,False,2026-09-03
74768100,"Knife lvl 30 Old AK Pioneer, Arena Breakout Mobile, Sale",110.75,,True,2026-09-03
75955007,"💵💿Top‑tier account with a disk and more skins as the base💿💵, Arena Breakout Mobile, Sale",41.53,,False,2026-09-03
76328718,"5 gold skins 12leg and 2 battle pass, Arena Breakout Mobile, Sale",18.77,,False,2026-09-03
75963768,"6 knives, 4 characters, cyberpunk style, general appearance, Arena Breakout Mobile, Sale",207.66,,True,2026-09-03
74234568,"Sale of an account with overpowered skins, Arena Breakout Mobile, Sale",4153.0,,False,2026-09-03
75513321,"1050m, mk14 kiberpank, 870m in cash, 104 t7, lots of gold skins., Arena Breakout Mobile, Sale",1867.0,1050.0,False,2026-09-03
75137466,"SELLING A DONATED ACCOUNT IN ARENA BREAKOUT, Arena Breakout Mobile, Sale",216.53,,False,2026-09-03
74980400,"Donation account | 5 knives | gloves | 200kk+ storage value, Arena Breakout Mobile, Sale",1155.0,200.0,True,2026-09-03
76350622,"The account has a knife skin and a lot of gun skins, a stash of 11.4 million, and 5 million in cash., Arena Breakout Mobile, Sale",86.61,,True,2026-09-03
72368595,"Sale Warehouse 100kk, acc. from 1st season, Arena Breakout Mobile, Sale",304.56,100.0,False,2026-09-03
63738272,"1.6 million in storage and a gold skin for the AR57 🍌, Arena Breakout Mobile, Sale",2.89,,False,2026-09-03
76336429,"$7.8M Storage💰 + $6.5M Cash💲 | SUIT INCLUDED | MANY SKINS | SAFE AVAILABLE🔒 | FULL RECOVERY DATA✅, Arena Breakout Mobile, Sale",21.04,7.8,False,2026-09-03
76178185,"There are 4 knives in the account, the warehouse is 16 million 80€, Arena Breakout Mobile, Sale",115.57,,True,2026-09-03
76376085,"ACCOUNT>390,000,000 stash ✅300,000,000 cash ✅2 knives ✅ description, Arena Breakout Mobile, Sale",264.7,390.0,True,2026-09-03
76351457,"sell arena breakout account 120kk, Arena Breakout Mobile, Sale",236.84,120.0,False,2026-09-03
76310738,"An account with 3 knives and 1 pair of gloves, Arena Breakout Mobile, Sale",139.32,,True,2026-09-03
47847409,"💰610M🪙339M koen🪙280+ T7🗡️Ar1, Ar57 💰 Pharaoh Knife & Smoke Outfit✅Full Access ⚡Fast Delivery, Arena Breakout Mobile, Sale",497.87,610.0,True,2026-09-03
76337479,"An account with skins, but an account with skins but zero money, Arena Breakout Mobile, Sale",5.02,,False,2026-09-03
69223025,"🆘 TOP-TIER ARENA BREAKOUT MOBILE ACCOUNT FOR SALE | STORAGE VALUE 220,000,000+ | LEGENDARY ACCOUNT 🆘, Arena Breakout Mobile, Sale",487.61,220.0,False,2026-09-03
76079021,"Account 30 level, 2 knife, Arena Breakout Mobile, Sale",69.66,,True,2026-09-03
71406002,"Level 30 | 10M Koen, Arena Breakout Mobile, Sale",4.98,10.0,False,2026-09-03
74344968,"🔥 Arena Breakout Mobile | Global | 32M Koens | Lv.30, Arena Breakout Mobile, Sale",12.54,32.0,False,2026-09-03
57580620,"VERY GOOD ACCOUNT🤩 SKLAD 10,8M💲 MONEY 8,5M💰 FAST✅️, Arena Breakout Mobile, Sale",3.48,10.8,False,2026-09-03
75982223,"✅🔥✅FAST!✅40M + Level 30✅Fully linked to your own details✅Mobile version✅🔥✅, Arena Breakout Mobile, Sale",18.6,40.0,False,2026-09-03
75730308,"✅🔥✅FAST!✅50M + Level 30✅Fully linked to your own details✅Mobile version✅🔥✅, Arena Breakout Mobile, Sale",22.68,50.0,False,2026-09-03
75730246,"✅🔥✅FAST!✅30M + Level 30✅Fully linked to your own details✅Mobile version✅🔥✅, Arena Breakout Mobile, Sale",16.2,30.0,False,2026-09-03
75730234,"✅🔥✅FAST!✅20M + Level 30✅Fully linked to your own details✅Mobile version✅🔥✅, Arena Breakout Mobile, Sale",10.8,20.0,False,2026-09-03
76434948,"Sell my account becouse i leave from game, Arena Breakout Mobile, Sale",34.85,,False,2026-09-03
76303227,"🤍🤍🤍GOOD ACCOUNT FOR COMFORTABLE GAME🤍🤍🤍, Arena Breakout Mobile, Sale",25.18,,False,2026-09-03
76223343,"75M Stash Value | Ghillie Suit, Lucky Rabbit, Butterfly, Arena Breakout Mobile, Sale",261.38,75.0,False,2026-09-03
76453803,"Account 30 level, 3 knife, Arena Breakout Mobile, Sale",53.4,,True,2026-09-03
75750871,"Sell Personal Account | Balance 41.5M | Stash 120M |, Arena Breakout Mobile, Sale",108.0,41.5,False,2026-09-03
75590240,"I sell my account, Arena Breakout Mobile, Sale",160.65,,False,2026-09-03
73865195,"I will sell acc with S1, Arena Breakout Mobile, Sale",120.0,,False,2026-09-03
72131541,"Level 30🔥17.2M warehouse🔥4.2m cash🔥 give with, Arena Breakout Mobile, Sale",6.0,17.2,False,2026-09-03
70683078,"[MOBILE]Level 30/60M（60kk）+korn coins/auto sell/dont wait, Arena Breakout Mobile, Sale",15.1,60.0,False,2026-09-03
68564603,"[MOBILE]Level 30/50M（50kk）+korn coins/auto sell/dont wait, Arena Breakout Mobile, Sale",12.84,50.0,False,2026-09-03
73733604,"Personal account (donat), Arena Breakout Mobile, Sale",697.38,,False,2026-09-04
76395303,"30 LVL | 19KK inventory | 14KK money, Arena Breakout Mobile, Sale",11.16,19.0,False,2026-09-04
75880102,"Selling personal account: lots of knives , plus an inventory worth over 22 million 🌸🌸🌸🌸, Arena Breakout Mobile, Sale",167.37,,True,2026-09-04
74128661,"173M werehouse, pharaoh skin and knight skin, Arena Breakout Mobile, Sale",217.03,173.0,False,2026-09-04
73873970,"Selling an account on the account a lot of Skins, Arena Breakout Mobile, Sale",651.09,,False,2026-09-04
52713629,"lvl 15 Lv.15 / 5M cash /📧Mail + password / Automatic issue / No waiting!, Arena Breakout Mobile, Sale",2.11,5.0,False,2026-09-04
72948698,"[Mobile ONLY] [level 30] 60M (60 kk) Korn Coins+Other Random Items/ Full Access z-8s, Arena Breakout Mobile, Sale",18.33,60.0,False,2026-09-04
69411330,"💷💷💷THE FATTEST ACCOUNT WITH ANGER AND THE FIRST RED SKIN💷💷💷, Arena Breakout Mobile, Sale",209.21,,False,2026-09-04
75240577,"🎯 Arena Breakout | 6 million | RPK-16, AK-12, MDR | Returning player rewards + 2×2 safe, Arena Breakout Mobile, Sale",5.58,,False,2026-09-04
76424275,"sell ak., Arena Breakout Mobile, Sale",244.08,,False,2026-09-04
76351524,"I will sell the old account, the full link, Arena Breakout Mobile, Sale",40.45,,False,2026-09-04
75713414,"I am selling an Arena Breakout account., Arena Breakout Mobile, Sale",557.9,,False,2026-09-04
75812590,"Beta test account, 60 million stash value., Arena Breakout Mobile, Sale",58.58,,False,2026-09-04
71648050,"❗⛷️SELL ACCOUNT 30 LVL SKIN ""BASKET"" ⛷️❗, Arena Breakout Mobile, Sale",73.92,,False,2026-09-04
36457066,"Arena Breakout operative appearance Season 3,4,5 and BP season 4, Arena Breakout Mobile, Sale",41.84,,False,2026-09-04
74134554,"[TORG+]Old paid account from the Beta era, featuring borders and bonus items., Arena Breakout Mobile, Sale",578.73,,False,2026-09-04
70261716,"🤑Personal account from the first season🤑 🤩meteorite kukri knife🤩 👀Ajax skin👀 🥶121kk stash🥶, Arena Breakout Mobile, Sale",181.32,121.0,True,2026-09-04
76304589,"💸⚡️2 ACCOUNT 40+40 million + 30 ur. 🏆 | Full linking to your data 🛡📧 | ❗️Mobile version, Arena Breakout Mobile, Sale",21.03,,False,2026-09-04
76304566,"💸⚡️40 million + 30 ur. 🏆 | Full linking to your data 🛡📧 | ❗️Mobile version, Arena Breakout Mobile, Sale",11.69,,False,2026-09-04
73421577,"🔥 Newbie 2 (Season 13)🔥43.4M warehouse🔥34.6M cash🔥auto delivery🔥, Arena Breakout Mobile, Sale",24.58,43.4,False,2026-09-04
72517012,"I’m selling a great account with lots of skins. It’s an account that has been active since Season 1., Arena Breakout Mobile, Sale",1044.0,,False,2026-09-04
75966639,"!!!10 Million + 5 Skins!!!! (Email included), Arena Breakout Mobile, Sale",3.2,,False,2026-09-04
76273040,"Account Arena breakout mobile, Arena Breakout Mobile, Sale",6.27,,False,2026-09-04
76266115,"💸 Selling personal account with paid items (3 knives and gloves) 🔥, Arena Breakout Mobile, Sale",41.77,,True,2026-09-04
76103574,"\\FAST SELL\\Warehouse 11kk//2.7kk cash//google//, Arena Breakout Mobile, Sale",5.78,11.0,False,2026-09-04
75962246,"12,000,000 caches , 3 gold weapon skins , 3 epic costumes, Arena Breakout Mobile, Sale",13.92,12.0,False,2026-09-04
75812743,"MOBILE | SV 400M | CV 293M | 3 SDs | 12 TI Mods | Silver Squire + Pharaoh’s Decree VSS |, Arena Breakout Mobile, Sale",224.04,400.0,False,2026-09-04
75704566,"Just imbp, Arena Breakout Mobile, Sale",40.38,,False,2026-09-04
75948816,"Pumped account | 39.2 million warehouse | General Sumer / Judy Alvarez | rare skins and knives, Arena Breakout Mobile, Sale",194.92,,True,2026-09-04
74035210,"Selling account, a lot of skins 50kk all on screenshots, Arena Breakout Mobile, Sale",153.16,50.0,False,2026-09-04
55734005,"❤‍🩹‼️ **Selling my MAIN Arena Breakout account!** ‼️   ⏳ Season 3 |, Arena Breakout Mobile, Sale",146.19,,False,2026-09-04
75354372,"Acount 370miliion and kerambit knife, Arena Breakout Mobile, Sale",180.48,,True,2026-09-04
75982223,"✅🔥✅FAST!✅40M + Level 30✅Fully linked to your own details✅Mobile version✅🔥✅, Arena Breakout Mobile, Sale",21.82,40.0,False,2026-09-04
75730308,"✅🔥✅FAST!✅50M + Level 30✅Fully linked to your own details✅Mobile version✅🔥✅, Arena Breakout Mobile, Sale",26.6,50.0,False,2026-09-04
75730246,"✅🔥✅FAST!✅30M + Level 30✅Fully linked to your own details✅Mobile version✅🔥✅, Arena Breakout Mobile, Sale",19.0,30.0,False,2026-09-04
75730234,"✅🔥✅FAST!✅20M + Level 30✅Fully linked to your own details✅Mobile version✅🔥✅, Arena Breakout Mobile, Sale",12.67,20.0,False,2026-09-04
74575085,"⚡️ INSTANT DELIVERY ⚡️  ACCOUNT $70,000,000 💰 FULL ACCESS (TRANSFER TO YOU) 🔑 LEVEL 30 👑, Arena Breakout Mobile, Sale",44.89,70.0,False,2026-09-04
72508791,"[Mobile ONLY] [level 30] 40M(40 kk) Korn Coins+Other Random Items/ Full Access z45, Arena Breakout Mobile, Sale",11.55,40.0,False,2026-09-04
69770156,"16 million in cash, 17.8 million in warehouse, skins available, Arena Breakout Mobile, Sale",14.07,,False,2026-09-04
75607351,"🎮 ARENA BREAKOUT: Mobile 🎮 💜 Google Play * • Level 30 * • 36 🍋 Warehouse Full access •, Arena Breakout Mobile, Sale",19.0,,False,2026-09-04
74140580,"Total stash value: 103.5 million Cash: 85 million No cheats., Arena Breakout Mobile, Sale",281.95,,False,2026-09-04
61989822,"SUPER - PUER MEGA FAT !!!, Arena Breakout Mobile, Sale",133.71,,False,2026-09-04
76328718,"5 gold skins 12leg and 2 battle pass, Arena Breakout Mobile, Sale",18.8,,False,2026-09-04
75363272,"40kk main acc, 10 gold operator skins, 6 knifes and more donate skins, Arena Breakout Mobile, Sale",281.49,40.0,True,2026-09-04
74699277,"Account with 100kk storage, Arena Breakout Mobile, Sale",84.45,100.0,False,2026-09-04
63738272,"1.6 million in storage and a gold skin for the AR57 🍌, Arena Breakout Mobile, Sale",2.89,,False,2026-09-04
63184223,"16M V SKLADE//10M NALICHY, Arena Breakout Mobile, Sale",6.34,16.0,False,2026-09-05
73865195,"I will sell acc with S1, Arena Breakout Mobile, Sale",140.89,,False,2026-09-05
72508791,"[Mobile ONLY] [level 30] 40M(40 kk) Korn Coins+Other Random Items/ Full Access z45, Arena Breakout Mobile, Sale",11.55,40.0,False,2026-09-05
75955588,"FAT ACCOUNT VERY CHEAP, Arena Breakout Mobile, Sale",91.56,,False,2026-09-05
76178185,"There are 4 knives in the account, the warehouse is 16 million 80€, Arena Breakout Mobile, Sale",115.67,,True,2026-09-05
75346660,"Embercore, Premium Battle Pass, 7,232K Cash, 32,7M Storage, Read Description, Arena Breakout Mobile, Sale",216.88,32.7,False,2026-09-05
67785442,"Legend S4, Premium Battle Pass, 11,468K Cash, 35,4M Storage, Read Description, Arena Breakout Mobile, Sale",57.83,35.4,False,2026-09-05
66305727,"Legend S11, Premium Battle Pass, 31,748K Cash, 91M Storage, Read Description, Arena Breakout Mobile, Sale",122.9,91.0,False,2026-09-05
71712572,"🔥🔥🔥💲150million💲 top account with skins🔥🔥🔥, Arena Breakout Mobile, Sale",118.21,,False,2026-09-05
76351457,"sell arena breakout account 120kk, Arena Breakout Mobile, Sale",239.51,120.0,False,2026-09-05
70137150,"🎀🕸️30 LVL | 24KK CACHE | 18KK CASH | SKINS | KEYS🕸️🎀, Arena Breakout Mobile, Sale",15.65,24.0,False,2026-09-05
75438527,"🔥 PERSONAL ACCOUNT | 12.8 MILLION WAREHOUSE | 59% WINRATE | FULL ACCESS 🔥, Arena Breakout Mobile, Sale",7.04,,False,2026-09-05
74768100,"Knife lvl 30 Old AK Pioneer, Arena Breakout Mobile, Sale",112.71,,True,2026-09-05
76296657,"Are you reading the description, Arena Breakout Mobile, Sale",126.8,,False,2026-09-05
76230088,"TOP account 130kk💰💰💰 Gmail account for you!!! MANY SKINS, Arena Breakout Mobile, Sale",42.9,130.0,False,2026-09-05
71971231,"✅New account.🤑 Storage 8.4M 💲💲Cash 6.5M💸💸✅, Arena Breakout Mobile, Sale",5.64,8.4,False,2026-09-05
66010268,"📀Clean account, 100 kk💵in cash, no strings attached📀, Arena Breakout Mobile, Sale",91.58,100.0,False,2026-09-05
69343850,"PERSONAL OLD ACC STORAGE 306KK, Arena Breakout Mobile, Sale",231.33,306.0,False,2026-09-05
67538603,"3 knives, 2 pairs of gloves, 2 suits check description, Arena Breakout Mobile, Sale",291.64,,True,2026-09-05
66173351,"52kk cash, 56kk warehouse, Katana cyberpunk, Apostle of Crows, skins, Arena Breakout Mobile, Sale",140.89,52.0,False,2026-09-05
36898215,"190🍋,mk14 skinx 161 t7,t7 account, Arena Breakout Mobile, Sale",563.56,,False,2026-09-05
75737183,"16mln na sklade//10,6mln v nalichii, Arena Breakout Mobile, Sale",4.85,,False,2026-09-05
76152482,"I need account with skins and zero money for low price if you have send massage, Arena Breakout Mobile, Sale",21.44,,False,2026-09-05
43799124,"TOP RICH ACCOUNT, 204 STARS LEGEND. TOP 281 CHAPMAN RATING, ONE LINK (NO SCAM), Arena Breakout Mobile, Sale",181.97,,False,2026-09-05
76385760,"Jdhdususushwhgsrgzhzhtzutshtdhtdthdhfhtdhdhtshd sell gangsters hsysystdty, Arena Breakout Mobile, Sale",35.18,,False,2026-09-05
36457066,"Arena Breakout operative appearance Season 3,4,5 and BP season 4, Arena Breakout Mobile, Sale",36.39,,False,2026-09-05
72131541,"Level 30🔥17.2M warehouse🔥4.2m cash🔥 give with, Arena Breakout Mobile, Sale",6.07,17.2,False,2026-09-05
68258428,"jdjd jfjsk fjjsjsksn fjdjkdkd usisjfj, Arena Breakout Mobile, Sale",97.05,,False,2026-09-05
68775889,"Selling a Game Account (check description), Arena Breakout Mobile, Sale",121.31,,False,2026-09-05
76420545,"🖤🤍ARENA BREAKOUT MOBILE🤍MAIL+PASSWORD🖤💎30 LVL + 70,000,000 CURRENCIES💎🖤AUTO DELIVERY 24/7⚡️🖤🖤, Arena Breakout Mobile, Sale",33.81,70.0,False,2026-09-05
76440940,"An account with 20 million, 1 character skin, 4 knives., Arena Breakout Mobile, Sale",204.29,,True,2026-09-05
76440789,"An account with 20 million, 1 character skin, 4 knives., Arena Breakout Mobile, Sale",211.34,,True,2026-09-05
73733604,"Personal account (donat), Arena Breakout Mobile, Sale",634.01,,False,2026-09-05
57915919,"27LVL✨12kk cash💰12.9kk stocks🏢name change card📜speed kits,keys+Gmail,bargaining is appropriate💰🔨, Arena Breakout Mobile, Sale",10.64,12.0,False,2026-09-05
57812463,"23LVL✨5kk cash💰5.6kk stocks🏢name change card📜Speed kits,keys+Gmail mail,bargain is appropriate💰🔨, Arena Breakout Mobile, Sale",4.73,5.0,False,2026-09-05
68192082,"Selling an account with 64k inventory and 21k cash, Arena Breakout Mobile, Sale",112.71,,False,2026-09-05
75626798,"16 knives, gloves, 3 Star Trek, full access, Arena Breakout Mobile, Sale",422.67,,True,2026-09-05
35220446,"Personal account stash 250kk knife+gloves+fal, Arena Breakout Mobile, Sale",563.56,250.0,True,2026-09-05
75240577,"🎯 Arena Breakout | 6 million | RPK-16, AK-12, MDR | Returning player rewards + 2×2 safe, Arena Breakout Mobile, Sale",5.64,,False,2026-09-05
76223343,"75M Stash Value | Ghillie Suit, Lucky Rabbit, Butterfly, Arena Breakout Mobile, Sale",303.6,75.0,False,2026-09-05
75982223,"✅🔥✅FAST!✅40M + Level 30✅Fully linked to your own details✅Mobile version✅🔥✅, Arena Breakout Mobile, Sale",21.84,40.0,False,2026-09-05
75730308,"✅🔥✅FAST!✅50M + Level 30✅Fully linked to your own details✅Mobile version✅🔥✅, Arena Breakout Mobile, Sale",26.63,50.0,False,2026-09-05
75730246,"✅🔥✅FAST!✅30M + Level 30✅Fully linked to your own details✅Mobile version✅🔥✅, Arena Breakout Mobile, Sale",19.02,30.0,False,2026-09-05
75730234,"✅🔥✅FAST!✅20M + Level 30✅Fully linked to your own details✅Mobile version✅🔥✅, Arena Breakout Mobile, Sale",12.68,20.0,False,2026-09-05
75936680,"🇪🇬ACCOUNT WITH EGYPTIAN KERAMBIT🇪🇬OLD SETS🥶, Arena Breakout Mobile, Sale",70.45,,False,2026-09-05
68689331,"✅✅✅ACC 550k+✅✅✅1 GLOVES✅5 KNIVES✅, Arena Breakout Mobile, Sale",352.23,,True,2026-09-05
76395303,"30 LVL | 19KK inventory | 14KK money, Arena Breakout Mobile, Sale",11.27,19.0,False,2026-09-05
75513321,"1050m, mk14 kiberpank, 870m in cash, 104 t7, lots of gold skins., Arena Breakout Mobile, Sale",1867.0,1050.0,False,2026-09-05
76523250,"By mail | 37.3 million warehouse | General Sumer / Judy Alvarez | rare skins and knives, Arena Breakout Mobile, Sale",154.98,,True,2026-09-05
71360234,"Owqxijaosidjoiawjdladckomz9*($+', Arena Breakout Mobile, Sale",9.3,,False,2026-09-05
71298813,"💰113kk 🪙93m koen💰gold kerambit 🗡️gold mpx, lr-ar, vss, BASTET AND STELLA ✅ CHECK SCREENSHOTS, Arena Breakout Mobile, Sale",309.96,113.0,False,2026-09-05
70650531,"Akk 30kk gmail pochta na vas vse, Arena Breakout Mobile, Sale",281.78,30.0,False,2026-09-05
74555298,"[MOBILE] 18M Stash (17M Cash💲), Level 30, Knife (Crowbar), 3 Outfit, Full Email Access, Arena Breakout Mobile, Sale",11.49,18.0,True,2026-09-05
74287795,"[MOBILE] 24M Stash (23M Cash💲), Level 30, Knife (Crowbar), 6 Outfit, Full Email Access, Arena Breakout Mobile, Sale",13.18,24.0,True,2026-09-05
76528562,"Sale of account 806k warehouse, Arena Breakout Mobile, Sale",18.79,,False,2026-09-05
73210813,"💪ACCOUNT FOR A COMFORTABLE GAME (17.0KK warehouse) (1.6KK In Cash), a lot of skins, keys, rubella💪, Arena Breakout Mobile, Sale",5.64,17.0,False,2026-09-05
76350622,"The account has a knife skin and a lot of gun skins, a stash of 11.4 million, and 5 million in cash., Arena Breakout Mobile, Sale",86.74,,True,2026-09-05
70683078,"[MOBILE]Level 30/60M（60kk）+korn coins/auto sell/dont wait, Arena Breakout Mobile, Sale",17.73,60.0,False,2026-09-05
55667282,"30 lvl, 700k balance, Arena Breakout Mobile, Sale",84.92,,False,2026-09-06
76304591,"💸⚡️2 ACCOUNT 50+50 million + 30 ur. 🏆 | Full linking to your data 🛡📧 | ❗️Mobile version, Arena Breakout Mobile, Sale",24.95,,False,2026-09-06
76304566,"💸⚡️40 million + 30 ur. 🏆 | Full linking to your data 🛡📧 | ❗️Mobile version, Arena Breakout Mobile, Sale",10.18,,False,2026-09-06
71863143,"💲 72KK CASH 💲 100 T7 (without box) ✅ A LOT OF SKINS, Arena Breakout Mobile, Sale",66.72,72.0,False,2026-09-06
68053910,"💸50.4kk cash; warehouse: 59.8kk💸  (30 lvl)  🟡 H416 “MG” 🟡, Arena Breakout Mobile, Sale",30.33,50.4,False,2026-09-06
76504473,"Good account, warehouse, 21 million in cash, 13 million, Arena Breakout Mobile, Sale",48.52,,False,2026-09-06
66739248,"Account 40kk, money 13kk, and free account 15kk, Arena Breakout Mobile, Sale",24.26,40.0,False,2026-09-06
76151046,"💫ARENA ACCOUNT BREAKOUT 🔝LEVEL 23, Arena Breakout Mobile, Sale",1.21,,False,2026-09-06
74713683,"💥TOP ACC 5.7KK🟨🟪+FULL ACCESS TO MAIL+AUTO-DELIVERY, Arena Breakout Mobile, Sale",1.21,5.7,False,2026-09-06
73691573,"Selling an account with a butterfly knife and gloves, cash 177kk, warehouse 244kk, Arena Breakout Mobile, Sale",163.77,177.0,True,2026-09-06
76216043,"empty acc with 2 million and 11, Arena Breakout Mobile, Sale",0.36,,False,2026-09-06
76088803,"I am selling my personal account. It has a few good skins and a lot of cash., Arena Breakout Mobile, Sale",206.23,,False,2026-09-06
75888967,"👾10.7M💸Total👾Stash👾6.5M💸Cash👾, Arena Breakout Mobile, Sale",12.13,10.7,False,2026-09-06
74756490,"Full Samurai + Full Knight + Full Star Track + 5400, Arena Breakout Mobile, Sale",424.59,,False,2026-09-06
74699277,"Account with 100kk storage, Arena Breakout Mobile, Sale",72.79,100.0,False,2026-09-06
73634118,"LEVEL 30, WAREHOUSE 96,000,000 FULL SELF-BINDING. 2 KNIVES, SKINS., Arena Breakout Mobile, Sale",81.88,96.0,True,2026-09-06
72027181,"Selling Arena Breakout account 🤑230M Stash Value🤑 – details in the description., Arena Breakout Mobile, Sale",160.77,230.0,False,2026-09-06
69882151,"Hello,i selling old account, Arena Breakout Mobile, Sale",218.36,,False,2026-09-06
76304589,"💸⚡️2 ACCOUNT 40+40 million + 30 ur. 🏆 | Full linking to your data 🛡📧 | ❗️Mobile version, Arena Breakout Mobile, Sale",21.1,,False,2026-09-06
69122368,"6,3mln sklada//4mln nalichka, Arena Breakout Mobile, Sale",4.89,,False,2026-09-06
72508757,"[Mobile ONLY] [level 30] 70M(70 kk) Korn Coins+Other Random Items/ Full Access   j9F, Arena Breakout Mobile, Sale",24.64,70.0,False,2026-09-06
76234763,"acc for playing with skins, Arena Breakout Mobile, Sale",48.88,,False,2026-09-06
75955007,"💵💿Top‑tier account with a disk and more skins as the base💿💵, Arena Breakout Mobile, Sale",35.17,,False,2026-09-06
74076736,"🤑 Warehouse 42.0M, 💲💲Cash 37.3M💸💸✅, Arena Breakout Mobile, Sale",24.89,42.0,False,2026-09-06
72145342,"26M 2 SECRET DOCUMENTS, Arena Breakout Mobile, Sale",15.36,26.0,False,2026-09-06
76296657,"Are you reading the description, Arena Breakout Mobile, Sale",125.69,,False,2026-09-06
60185604,"🌟🌟🌟FOUR LEGENDARY SKINS AND SUITS🌟🌟🌟🔴Gmail🔴💥SKINS💥💲30.2+ kk💲🔥30 LVL🔥FULL ACCESS🔥AUTO RECEIPT🔥, Arena Breakout Mobile, Sale",56.74,,False,2026-09-06
52965409,"🌟🌟🌟MACHETE AND UNIFORM🌟🌟🌟🔴Gmail🔴🌟SKINS🌟💲52.4+ kk💲🔥FULL ACCESS🔥30 LVL🔥AUTO-RECEIPT🔥, Arena Breakout Mobile, Sale",95.39,,False,2026-09-06
35141575,"🌟🌟🌟CAPITAL SHOVEL, MACHETE AND SUITS🌟🌟🌟💥SKINS💥💲80.6+ kk💲🔥30 LVL🔥FULL ACCESS🔥AUTO-DISTRIBUTION🔥, Arena Breakout Mobile, Sale",153.68,,False,2026-09-06
73524496,"Fat account 3 donated knives, 2 donated suits, a lot of very gold cannons and gold equipment, Arena Breakout Mobile, Sale",81.0,,True,2026-09-06
74099799,"Sale account 85kk, Arena Breakout Mobile, Sale",93.35,85.0,False,2026-09-06
35121073,"Good account ✅️ AUTO-issue ✅️ Level 25 ✅️ Mail ✅️ Thermal imager ✅️ Arena Breakout Mobile 🎮, Arena Breakout Mobile, Sale",22.34,,False,2026-09-06
75982223,"✅🔥✅FAST!✅40M + Level 30✅Fully linked to your own details✅Mobile version✅🔥✅, Arena Breakout Mobile, Sale",21.65,40.0,False,2026-09-06
75730308,"✅🔥✅FAST!✅50M + Level 30✅Fully linked to your own details✅Mobile version✅🔥✅, Arena Breakout Mobile, Sale",26.39,50.0,False,2026-09-06
75730246,"✅🔥✅FAST!✅30M + Level 30✅Fully linked to your own details✅Mobile version✅🔥✅, Arena Breakout Mobile, Sale",18.85,30.0,False,2026-09-06
75730234,"✅🔥✅FAST!✅20M + Level 30✅Fully linked to your own details✅Mobile version✅🔥✅, Arena Breakout Mobile, Sale",12.57,20.0,False,2026-09-06
68354639,"🔥 30 lvl | 💰 25M Stash | 💵 23.5M Cash | 🎨 +Skins | ✅ Google | 🚫 No Cheats, Arena Breakout Mobile, Sale",6.98,25.0,False,2026-09-06
76181150,"Selling an awesome Arena Breakout Mobile account., Arena Breakout Mobile, Sale",48.88,,False,2026-09-06
70092987,"❤️18 level//warehouse 4.4cc//balance 2656k//Change of nickname❤️, Arena Breakout Mobile, Sale",2.78,4.4,False,2026-09-06
75159408,"👾Good Account😍[Screenshots,Description](💯Security), Arena Breakout Mobile, Sale",6.28,,False,2026-09-06
75590240,"I sell my account, Arena Breakout Mobile, Sale",186.7,,False,2026-09-06
68564603,"[MOBILE]Level 30/50M（50kk）+korn coins/auto sell/dont wait, Arena Breakout Mobile, Sale",14.94,50.0,False,2026-09-06
67458230,"[MOBILE]Level 30/40M（40kk）+korn coins/auto sell/dont wait, Arena Breakout Mobile, Sale",11.24,40.0,False,2026-09-06
72517012,"I’m selling a great account with lots of skins. It’s an account that has been active since Season 1., Arena Breakout Mobile, Sale",1047.0,,False,2026-09-06
75930281,"Account level 27/ 9.2kk (9.200.000) cohens total cache/ 8.6kk (8,600,000) cohens balance, Arena Breakout Mobile, Sale",3.91,9.2,False,2026-09-06
74122569,"Sell accaunt  allot skins 300million, Arena Breakout Mobile, Sale",1373.0,,False,2026-09-06
72440039,"⚡️ INSTANT DELIVERY ⚡️ ACCOUNT WITH $60,000,000 💰 FULL ACCESS (TRANSFERABLE TO YOU) 🔑 LEVEL 30 👑, Arena Breakout Mobile, Sale",38.07,60.0,False,2026-09-07
72508815,"[Mobile ONLY] [level 30] 30M (30 kk) Korn Coins+Other Random Items/ Full Access z35, Arena Breakout Mobile, Sale",8.7,30.0,False,2026-09-07
74300781,"48M storage value 8 outfit skin.  Many of weapon skins. Many of gear skins With 3 utopia☣️ 100%, Arena Breakout Mobile, Sale",31.12,48.0,False,2026-09-07
76390670,"💫Zombie mode support 🧟, Arena Breakout Mobile, Sale",78.15,,False,2026-09-07
74768100,"Knife lvl 30 Old AK Pioneer, Arena Breakout Mobile, Sale",111.65,,True,2026-09-07
75221272,"❤️Juicy personal account ❤️560+kk, Arena Breakout Mobile, Sale",697.78,,False,2026-09-07
75221056,"🔥Account since season 1🔥158kk, Arena Breakout Mobile, Sale",69.78,158.0,False,2026-09-07
56070822,"Auto-Delivery❤️Juicy account for starting, level 14, + RED (CXP)💰Stock value: 5.1M, 💲Cash: 2.7M, Arena Breakout Mobile, Sale",4.06,5.1,False,2026-09-07
76615135,"The account was used for boosts, Arena Breakout Mobile, Sale",697.65,,False,2026-09-07
69411330,"💷💷💷THE FATTEST ACCOUNT WITH ANGER AND THE FIRST RED SKIN💷💷💷, Arena Breakout Mobile, Sale",279.06,,False,2026-09-07
74344968,"🔥 Arena Breakout Mobile | Global | 32M Koens | Lv.30, Arena Breakout Mobile, Sale",12.56,32.0,False,2026-09-07
70876121,"💸💎Level 30💎 15.2K in stock, 13.8K cash💸, Arena Breakout Mobile, Sale",7.81,,False,2026-09-07
70137150,"🎀🕸️30 LVL | 24KK CACHE | 18KK CASH | SKINS | KEYS🕸️🎀, Arena Breakout Mobile, Sale",15.5,24.0,False,2026-09-07
76553943,"There are 2 knives in the account, 24 million, Arena Breakout Mobile, Sale",69.24,,True,2026-09-07
76178185,"There are 4 knives in the account, the warehouse is 16 million 80€, Arena Breakout Mobile, Sale",115.63,,True,2026-09-07
76440940,"An account with 20 million, 1 character skin, 4 knives., Arena Breakout Mobile, Sale",202.32,,True,2026-09-07
76440789,"An account with 20 million, 1 character skin, 4 knives., Arena Breakout Mobile, Sale",209.3,,True,2026-09-07
73733604,"Personal account (donat), Arena Breakout Mobile, Sale",627.89,,False,2026-09-07
76395303,"30 LVL | 19KK inventory | 14KK money, Arena Breakout Mobile, Sale",11.16,19.0,False,2026-09-07
69223025,"🆘 TOP-TIER ARENA BREAKOUT MOBILE ACCOUNT FOR SALE | STORAGE VALUE 220,000,000+ | LEGENDARY ACCOUNT 🆘, Arena Breakout Mobile, Sale",488.36,220.0,False,2026-09-07
76190134,"URGENT SALE OF A FAT ACCOUNT WITH SKINS, Arena Breakout Mobile, Sale",173.45,,False,2026-09-07
73340235,"MK14 ICE, KNIFE AMBER CORE, H416,I am selling an account with a large number of expensive skins, Arena Breakout Mobile, Sale",41.86,,True,2026-09-07
76668497,"Selling my personal account 🔥 Has a knife and a red skin, 2.9M damage, plus, Arena Breakout Mobile, Sale",65.58,2.9,True,2026-09-07
75812743,"MOBILE | SV 400M | CV 293M | 3 SDs | 12 TI Mods | Silver Squire + Pharaoh’s Decree VSS |, Arena Breakout Mobile, Sale",224.04,400.0,False,2026-09-07
75880102,"Selling personal account: lots of knives , plus an inventory worth over 22 million 🌸🌸🌸🌸, Arena Breakout Mobile, Sale",114.41,,True,2026-09-07
75776718,"50M+ inventory 🤩 3 paid knives 🤩 20+ gold items, Arena Breakout Mobile, Sale",272.08,50.0,True,2026-09-07
75363272,"40kk main acc, 10 gold operator skins, 6 knifes and more donate skins, Arena Breakout Mobile, Sale",279.06,40.0,True,2026-09-07
75812590,"Beta test account, 60 million stash value., Arena Breakout Mobile, Sale",58.6,,False,2026-09-07
75061009,"Selling Account — $70M+ Value | Rare Skins | Seasons 1–13, Arena Breakout Mobile, Sale",995.74,70.0,False,2026-09-07
74635295,"Warehouse 8.6kk // ARASAKA Katana // Many skins // IND70 skin // Many, Arena Breakout Mobile, Sale",55.81,8.6,False,2026-09-07
73634118,"LEVEL 30, WAREHOUSE 96,000,000 FULL SELF-BINDING. 2 KNIVES, SKINS., Arena Breakout Mobile, Sale",94.18,96.0,True,2026-09-07
74134554,"[TORG+]Old paid account from the Beta era, featuring borders and bonus items., Arena Breakout Mobile, Sale",578.17,,False,2026-09-07
72368595,"Sale Warehouse 100kk, acc. from 1st season, Arena Breakout Mobile, Sale",306.97,100.0,False,2026-09-07
71298813,"💰113kk 🪙93m koen💰gold kerambit 🗡️gold mpx, lr-ar, vss, BASTET AND STELLA ✅ CHECK SCREENSHOTS, Arena Breakout Mobile, Sale",306.97,113.0,False,2026-09-07
71078092,"Fal Autumn ,gloves, two knives, two legendary skins, MK Ice Shard., Arena Breakout Mobile, Sale",85.96,,True,2026-09-07
68258428,"jdjd jfjsk fjjsjsksn fjdjkdkd usisjfj, Arena Breakout Mobile, Sale",111.62,,False,2026-09-07
70705713,"Account to start the game, Arena Breakout Mobile, Sale",1.83,,False,2026-09-07
69522080,"💰Storage 25m | 🔪Arctic Sting Knife | 🔫6 Top Skins: LR-AR2, LR-AR1, LR-DMR1, VSS, AR-57, AEK, Arena Breakout Mobile, Sale",115.63,25.0,True,2026-09-07
69868608,"🔥Storage value: 1100kk+ 🔥5 golden weapons, Arena Breakout Mobile, Sale",995.74,1100.0,False,2026-09-07
49357528,"[MOBILE]Level30/70M（70kk）+korn coins/Full Access/auto sell/dont wait(name card), Arena Breakout Mobile, Sale",22.05,70.0,False,2026-09-07
36898215,"190🍋,mk14 skinx 161 t7,t7 account, Arena Breakout Mobile, Sale",558.12,,False,2026-09-07
75701543,"🖤🤍A/B MOBILE🤍mail+password🖤💎30LVL + 10,000,000 COEN💎🖤AUTO DELIVERY 24/7⚡️🖤🖤, Arena Breakout Mobile, Sale",5.88,10.0,False,2026-09-07
70713129,"16mln na sklade//10,6mln v nalichii, Arena Breakout Mobile, Sale",4.9,,False,2026-09-07
65051310,"The nota of the nota of the nota and I was in, Arena Breakout Mobile, Sale",4.9,,False,2026-09-07
75966639,"!!!10 Million + 5 Skins!!!! (Email included), Arena Breakout Mobile, Sale",3.22,,False,2026-09-07
37453996,"Selling an account, 115 million warehouse, 75 million, lots of redcoins, 3 disks, Arena Breakout Mobile, Sale",70.02,,False,2026-09-07
76651185,"Rosie be having the best day ever with, Arena Breakout Mobile, Sale",7.0,,False,2026-09-07
74140580,"Total stash value: 103.5 million Cash: 85 million No cheats., Arena Breakout Mobile, Sale",260.43,,False,2026-09-07
76627684,"30 LVL 🔥 The warehouse is empty, but it replaces things on it. 5 Knives 🔥 imba guns 🔥 delicious 😋, Arena Breakout Mobile, Sale",112.03,,True,2026-09-07
76558055,"Level 30 • Crusher Knife • Evita Skin Lots of skins & large stash. More details in description., Arena Breakout Mobile, Sale",168.05,,True,2026-09-07
76621700,"Jsjsjnxjsiwjdbdjxoskwhdbxjzisjs, Arena Breakout Mobile, Sale",3.5,,False,2026-09-07
76216274,"Seller number is 😔😞 is that the car seat 💺 or a bag 🛍️ and I can see it 😁 the same, Arena Breakout Mobile, Sale",1.82,,False,2026-09-07
76447900,"3 knife account, Arena Breakout Mobile, Sale",140.04,,True,2026-09-07
70650531,"Akk 30kk gmail pochta na vas vse, Arena Breakout Mobile, Sale",280.08,30.0,False,2026-09-07
70261716,"🤑Personal account from the first season🤑 🤩meteorite kukri knife🤩 👀Ajax skin👀 🥶121kk stash🥶, Arena Breakout Mobile, Sale",182.05,121.0,True,2026-09-07
71278505,"Donatnyu akk, Arena Breakout Mobile, Sale",308.09,,False,2026-09-07
70053450,"Djdjdjsns, Arena Breakout Mobile, Sale",210.06,,False,2026-09-07
68425334,"Offer a price✅Old account from season 1✅300 million stashes✅There is a knight✅Exclusive skin on✅, Arena Breakout Mobile, Sale",280.08,,False,2026-09-07
64296145,"AK 400 million, Talia, Bastet, Hecata, Skullcrusher + skins for top Ghanaians, Arena Breakout Mobile, Sale",1540.0,,False,2026-09-07
49236144,"[MOBILE]Level 30/10M（10kk）+korn coins/Full Access/auto sell/dont wait/lv30/lv30 lvl30(name card), Arena Breakout Mobile, Sale",3.22,10.0,False,2026-09-07
75982223,"✅🔥✅FAST!✅40M + Level 30✅Fully linked to your own details✅Mobile version✅🔥✅, Arena Breakout Mobile, Sale",21.79,40.0,False,2026-09-07
75730308,"✅🔥✅FAST!✅50M + Level 30✅Fully linked to your own details✅Mobile version✅🔥✅, Arena Breakout Mobile, Sale",26.58,50.0,False,2026-09-07
75730246,"✅🔥✅FAST!✅30M + Level 30✅Fully linked to your own details✅Mobile version✅🔥✅, Arena Breakout Mobile, Sale",18.98,30.0,False,2026-09-07
75730234,"✅🔥✅FAST!✅20M + Level 30✅Fully linked to your own details✅Mobile version✅🔥✅, Arena Breakout Mobile, Sale",12.65,20.0,False,2026-09-07
56453849,"Personal account with closed beta season 1, 💰Stock value: 10.2M, 💲Cash: 7.3M, Arena Breakout Mobile, Sale",2.82,10.2,False,2026-09-07
53790554,"Auto-Delivery❤️Juicy account for starting, level 20, 💰Stock value: 4.5M, 💲Cash: 3.2M, Arena Breakout Mobile, Sale",1.41,4.5,False,2026-09-07
52713629,"lvl 15 Lv.15 / 5M cash /📧Mail + password / Automatic issue / No waiting!, Arena Breakout Mobile, Sale",1.41,5.0,False,2026-09-07
61989822,"SUPER - PUER MEGA FAT !!!, Arena Breakout Mobile, Sale",133.58,,False,2026-09-07
71160550,"🌲138.8m bank 🌲 116.8м Cash 🌲 30 level 🌲 automatic withdrawal 🌲, Arena Breakout Mobile, Sale",138.16,138.8,False,2026-09-07
65300993,"198.5m STORAGE       143.7m CASH      LEVEL 30 QUICK START, Arena Breakout Mobile, Sale",197.9,198.5,False,2026-09-07
63800174,"🌲 162.4 bank 🌲115.3m Cash 🌲 30 level 🌲 automatic withdrawal 🌲, Arena Breakout Mobile, Sale",161.81,115.3,False,2026-09-07
60694436,"🔷🔹💠6 Lvl💠🔹💠2.2M money💠🔹💠1.2M koins💠🔹💠Safe 1x2 7 days💠🔹💠Li pass, Arena Breakout Mobile, Sale",1.12,2.2,False,2026-09-07
68689331,"✅✅✅ACC 550k+✅✅✅1 GLOVES✅5 KNIVES✅, Arena Breakout Mobile, Sale",351.52,,True,2026-09-07
76223343,"75M Stash Value | Ghillie Suit, Lucky Rabbit, Butterfly, Arena Breakout Mobile, Sale",303.9,75.0,False,2026-09-07
76025327,"Arenabreakout account sale at a low price, Arena Breakout Mobile, Sale",351.52,,False,2026-09-07
75746159,"H shshshshs hes HSH sh shshshshs sh sh HSH sh shshshshs hshs, Arena Breakout Mobile, Sale",31.64,,False,2026-09-07
75513321,"1050m, mk14 kiberpank, 870m in cash, 104 t7, lots of gold skins., Arena Breakout Mobile, Sale",1867.0,1050.0,False,2026-09-07
74447114,"I am selling my personal account, including the associated email address., Arena Breakout Mobile, Sale",70.3,,False,2026-09-07
55667282,"30 lvl, 700k balance, Arena Breakout Mobile, Sale",98.43,,False,2026-09-07
69430897,"💰251M 🪙101m koen⭐5 knives🔪H4 midas, VSS, DMR1, AR1 gold skin🔫2 golden outfits✅Full Access, Arena Breakout Mobile, Sale",684.57,251.0,True,2026-09-08
59293715,"💰570M🔫450M koen👕free knife🪙many outfits and old one✅Full Access, Arena Breakout Mobile, Sale",444.72,570.0,True,2026-09-08
51618511,"💰200M🪙190M koen🏆FAL, mpx, aek, ar1, Vss, lr-dmr1🗡Ajax Knife👕 Halloween Outfit✅Full Access, Arena Breakout Mobile, Sale",435.64,200.0,True,2026-09-08
40345251,"💰315M ⭐13 Knives 👕8 Golden Outfits 🔫18 golden Weapons ✅Full Access📧, Arena Breakout Mobile, Sale",1120.0,315.0,True,2026-09-08
39015008,"💰583M🪙448M koen🔪 Butterfly Knife🗡Old outfits👕VSS Gold skin ✅Full Access⚡Fast delivery, Arena Breakout Mobile, Sale",497.87,583.0,True,2026-09-08
76099046,"🎮Arena Breakout Mobile🎮 |💎30 LEVEL💎 | 💰10.000.000 COHEN💰 |✅🔐 NEW DATA✅🔐, Arena Breakout Mobile, Sale",7.03,10.0,False,2026-09-08
63735316,"Very cheaply sold account where a lot of money was invested., Arena Breakout Mobile, Sale",105.46,,False,2026-09-08
76273040,"Account Arena breakout mobile, Arena Breakout Mobile, Sale",7.03,,False,2026-09-08
75420231,"Account 281million 2 knife 1 skin bosses, Arena Breakout Mobile, Sale",154.67,,True,2026-09-08
65589082,"One out of 10 accounts with sv more than 1 billion with cash value of 920mil., Arena Breakout Mobile, Sale",1617.0,,False,2026-09-08
74981748,"💥TOP ACC 5.3KK🟨🟪+FULL ACCESS TO MAIL+AUTO-DELIVERY, Arena Breakout Mobile, Sale",0.96,5.3,False,2026-09-08
75672137,"100M storage account, account for currency transfer., Arena Breakout Mobile, Sale",66.29,100.0,False,2026-09-08
74709387,"💛💛Donation-based account💛💸, Arena Breakout Mobile, Sale",61.35,,False,2026-09-08
76385760,"Jdhdususushwhgsrgzhzhtzutshtdhtdthdhfhtdhdhtshd sell gangsters hsysystdty, Arena Breakout Mobile, Sale",34.96,,False,2026-09-08
76042414,"🌟🌟🌟 REAPER, MACHETE, AND COSTUMES🌟EVITA🌟💥SKINS💥💲114.8+ kk💲🔥30 LVL🔥FULL ACCESS🔥, Arena Breakout Mobile, Sale",96.43,,False,2026-09-08
75359124,"Selling an Old Ak 5 Noeets with several characters., Arena Breakout Mobile, Sale",132.59,,False,2026-09-08
75220337,"Selling a very tasty account, negotiable., Arena Breakout Mobile, Sale",120.54,,False,2026-09-08
75354372,"Acount 370miliion and kerambit knife, Arena Breakout Mobile, Sale",155.27,,True,2026-09-08
35121073,"Good account ✅️ AUTO-issue ✅️ Level 25 ✅️ Mail ✅️ Thermal imager ✅️ Arena Breakout Mobile 🎮, Arena Breakout Mobile, Sale",19.29,,False,2026-09-08
73706430,"⚡️ INSTANT DELIVERY ⚡️  ACCOUNT $20,000,000 💰 FULL ACCESS (TRANSFER TO YOU) 🔑 LEVEL 30 👑, Arena Breakout Mobile, Sale",12.08,20.0,False,2026-09-08
72019776,"⚡️ INSTANT DELIVERY ⚡️  ACCOUNT $50,000,000 💰 FULL ACCESS (TRANSFER TO YOU) 🔑 LEVEL 30 👑, Arena Breakout Mobile, Sale",25.17,50.0,False,2026-09-08
72508791,"[Mobile ONLY] [level 30] 40M(40 kk) Korn Coins+Other Random Items/ Full Access z45, Arena Breakout Mobile, Sale",10.01,40.0,False,2026-09-08
76370571,"TOP ACOUNT MK14 cyber, h416 excluziv, more skins, Arena Breakout Mobile, Sale",179.93,,False,2026-09-08
76695590,"sosi, Arena Breakout Mobile, Sale",1243.0,,False,2026-09-08
35220446,"Personal account stash 250kk knife+gloves+fal, Arena Breakout Mobile, Sale",479.81,250.0,True,2026-09-08
65305698,"A delicious account with donations and expensive storage at a reasonable price., Arena Breakout Mobile, Sale",214.36,,False,2026-09-08
76383876,"Six seven Six seven Six seven Six seven Six seven Six seven Six seven Six seven, Arena Breakout Mobile, Sale",101.96,,False,2026-09-08
60185604,"🌟🌟🌟FOUR LEGENDARY SKINS AND SUITS🌟🌟🌟🔴Gmail🔴💥SKINS💥💲30.2+ kk💲🔥30 LVL🔥FULL ACCESS🔥AUTO RECEIPT🔥, Arena Breakout Mobile, Sale",48.73,,False,2026-09-08
52965409,"🌟🌟🌟MACHETE AND UNIFORM🌟🌟🌟🔴Gmail🔴🌟SKINS🌟💲52.4+ kk💲🔥FULL ACCESS🔥30 LVL🔥AUTO-RECEIPT🔥, Arena Breakout Mobile, Sale",81.93,,False,2026-09-08
35141575,"🌟🌟🌟CAPITAL SHOVEL, MACHETE AND SUITS🌟🌟🌟💥SKINS💥💲80.6+ kk💲🔥30 LVL🔥FULL ACCESS🔥AUTO-DISTRIBUTION🔥, Arena Breakout Mobile, Sale",132.0,,False,2026-09-08
75965716,"Good account, Arena Breakout Mobile, Sale",23.98,,False,2026-09-08
74794732,"Akkaunt 30 lvl oc ckinami, Arena Breakout Mobile, Sale",8.26,,False,2026-09-08
36457066,"Arena Breakout operative appearance Season 3,4,5 and BP season 4, Arena Breakout Mobile, Sale",35.99,,False,2026-09-08
70683078,"[MOBILE]Level 30/60M（60kk）+korn coins/auto sell/dont wait, Arena Breakout Mobile, Sale",15.1,60.0,False,2026-09-08
74081059,"24/7 Automatic issuance💥 accounts for your further actions ❤️‍🔥 description, Arena Breakout Mobile, Sale",0.035,,False,2026-09-08
75982223,"✅🔥✅FAST!✅40M + Level 30✅Fully linked to your own details✅Mobile version✅🔥✅, Arena Breakout Mobile, Sale",21.82,40.0,False,2026-09-08
75730308,"✅🔥✅FAST!✅50M + Level 30✅Fully linked to your own details✅Mobile version✅🔥✅, Arena Breakout Mobile, Sale",26.61,50.0,False,2026-09-08
75730246,"✅🔥✅FAST!✅30M + Level 30✅Fully linked to your own details✅Mobile version✅🔥✅, Arena Breakout Mobile, Sale",19.0,30.0,False,2026-09-08
75730234,"✅🔥✅FAST!✅20M + Level 30✅Fully linked to your own details✅Mobile version✅🔥✅, Arena Breakout Mobile, Sale",12.67,20.0,False,2026-09-08
76759170,"Premium verified gaming account with full access, instant delivery after payment, Arena Breakout Mobile, Sale",7.69,,False,2026-09-08
76756342,"AKK 30LVL, 7.5 MLN OF RESERVES/GOLDEN FRAME SEASON 5 /, Arena Breakout Mobile, Sale",11.96,,False,2026-09-08
76717955,"11M Cash, 30 Levels + 2 Name Changes, Full Access Gaming Account, Instant Delivery, Arena Breakout Mobile, Sale",13.54,11.0,False,2026-09-08
76717919,"i will sell an account with a small warehouse - instant delivery, gaming account, Arena Breakout Mobile, Sale",7.65,,False,2026-09-08
76712700,"30LVL 10KK CASH + FULL ACCESS GIFTED GAMING ACCOUNT INSTANT DELIVERY, Arena Breakout Mobile, Sale",10.84,10.0,False,2026-09-08
76712680,"30Lv|14.2kk warehouse|9.3kkk balik| 2 nick changes, Arena Breakout Mobile, Sale",13.38,14.2,False,2026-09-08
76712196,"Gaming CHEAP Account Instant Delivery, 24/7 Support, Safe Payment Options, Arena Breakout Mobile, Sale",9.4,,False,2026-09-08
76712186,"Selling a good gaming account at Arena Breakout with instant delivery, Arena Breakout Mobile, Sale",14.31,,False,2026-09-08
76712163,"30LVL 10KK CASH + FULL ACCESS GIFT ACCOUNT INSTANT DELIVERY, Arena Breakout Mobile, Sale",10.84,10.0,False,2026-09-08
76712156,"30LVL 10KK CASH + FULL ACCESS GIFT ACCOUNT INSTANT DELIVERY, Arena Breakout Mobile, Sale",10.84,10.0,False,2026-09-08
76712134,"30LVL 10KK CASH + FULL ACCESS GIFT ACCOUNT INSTANT DELIVERY, Arena Breakout Mobile, Sale",10.84,10.0,False,2026-09-08
76689083,"💸⚡️50x3 million + 30 ur. 🏆 | Full linking to your data 🛡📧 | ❗️Mobile version, Arena Breakout Mobile, Sale",42.53,,False,2026-09-08
76689080,"💸⚡️30x3 million + 30 ur. 🏆 | Full linking to your data 🛡📧 | ❗️Mobile version, Arena Breakout Mobile, Sale",23.63,,False,2026-09-08
76689077,"💸⚡️10 million + 30 ur. 🏆 | Full linking to your data 🛡📧 | ❗️Mobile version, Arena Breakout Mobile, Sale",14.53,,False,2026-09-08
76689076,"💸⚡️10x3 million + 30 ur. 🏆 | Full linking to your data 🛡📧 | ❗️Mobile version, Arena Breakout Mobile, Sale",8.86,,False,2026-09-08
76304591,"💸⚡️2 ACCOUNT 50+50 million + 30 ur. 🏆 | Full linking to your data 🛡📧 | ❗️Mobile version, Arena Breakout Mobile, Sale",28.95,,False,2026-09-08
76304586,"💸⚡️2 ACCOUNT 30+30 million + 30 ur. 🏆 | Full linking to your data 🛡📧 | ❗️Mobile version, Arena Breakout Mobile, Sale",17.72,,False,2026-09-08
76304583,"💸⚡️20 million + 30 ur. 🏆 | Full linking to your data 🛡📧 | ❗️Mobile version, Arena Breakout Mobile, Sale",9.45,,False,2026-09-08
76304582,"💸⚡️10 million + 30 ur. 🏆 | Full linking to your data 🛡📧 | ❗️Mobile version, Arena Breakout Mobile, Sale",6.14,,False,2026-09-08
76304567,"💸⚡️10 million + 30 ur. 🏆 | Full linking to your data 🛡📧 | ❗️Mobile version, Arena Breakout Mobile, Sale",15.95,,False,2026-09-08
76304565,"💸⚡️30 million + 30 ur. 🏆 | Full linking to your data 🛡📧 | ❗️Mobile version, Arena Breakout Mobile, Sale",9.45,,False,2026-09-08
76304564,"💸⚡️20 million + 30 ur. 🏆 | Full linking to your data 🛡📧 | ❗️Mobile version, Arena Breakout Mobile, Sale",5.9,,False,2026-09-08
76304562,"💸⚡️10 million + 30 ur. 🏆 | Full linking to your data 🛡📧 | ❗️Mobile version, Arena Breakout Mobile, Sale",3.54,,False,2026-09-08
74344968,"🔥 Arena Breakout Mobile | Global | 32M Koens | Lv.30, Arena Breakout Mobile, Sale",12.67,32.0,False,2026-09-08
76553943,"There are 2 knives in the account, 24 million, Arena Breakout Mobile, Sale",69.32,,True,2026-09-08
76178185,"There are 4 knives in the account, the warehouse is 16 million 80€, Arena Breakout Mobile, Sale",115.78,,True,2026-09-08
73733604,"Personal account (donat), Arena Breakout Mobile, Sale",633.47,,False,2026-09-08
73866900,"Sale😍😍 have absolutely everything😈 14, 8 knives.♥️ discount in the description🔥🔥🔥, Arena Breakout Mobile, Sale",633.47,,True,2026-09-08
75930281,"Account level 27/ 9.2kk (9.200.000) cohens total cache/ 8.6kk (8,600,000) cohens balance, Arena Breakout Mobile, Sale",3.94,9.2,False,2026-09-08
70650531,"Akk 30kk gmail pochta na vas vse, Arena Breakout Mobile, Sale",281.54,30.0,False,2026-09-08
68564603,"[MOBILE]Level 30/50M（50kk）+korn coins/auto sell/dont wait, Arena Breakout Mobile, Sale",15.06,50.0,False,2026-09-08
37453996,"Selling an account, 115 million warehouse, 75 million, lots of redcoins, 3 disks, Arena Breakout Mobile, Sale",70.39,,False,2026-09-09
76310738,"An account with 3 knives and 1 pair of gloves, Arena Breakout Mobile, Sale",168.93,,True,2026-09-09
55734005,"❤‍🩹‼️ **Selling my MAIN Arena Breakout account!** ‼️   ⏳ Season 3 |, Arena Breakout Mobile, Sale",147.81,,False,2026-09-09
71923690,"140million, Arena Breakout Mobile, Sale",70.39,,False,2026-09-09
43799124,"TOP RICH ACCOUNT, 204 STARS LEGEND. TOP 281 CHAPMAN RATING, ONE LINK (NO SCAM), Arena Breakout Mobile, Sale",211.17,,False,2026-09-09
76558055,"Level 30 • Crusher Knife • Evita Skin Lots of skins & large stash. More details in description., Arena Breakout Mobile, Sale",168.93,,True,2026-09-09
76481885,"account is good, Arena Breakout Mobile, Sale",42.23,,False,2026-09-09
38855347,"❤️Account | 💸 10kk| 30lvl|❤️, Arena Breakout Mobile, Sale",11.26,10.0,False,2026-09-09
76801123,"504.5M WAREHOUSE|313.8M CASH|137 T7|SOLD WITH EMAIL|, Arena Breakout Mobile, Sale",422.18,504.5,False,2026-09-09
68802896,"1.1 billion storageqqqqieejdjdjsjdhehjwhevwveehirrj, Arena Breakout Mobile, Sale",4223.0,,False,2026-09-09
69921868,"Account S2  has 7 knives, Arena Breakout Mobile, Sale",281.55,,True,2026-09-09
72517012,"I’m selling a great account with lots of skins. It’s an account that has been active since Season 1., Arena Breakout Mobile, Sale",1056.0,,False,2026-09-09
76727328,"Watching Negra, Arena Breakout Mobile, Sale",217.17,,False,2026-09-09
76390670,"💫Zombie mode support 🧟, Arena Breakout Mobile, Sale",78.83,,False,2026-09-09
75438527,"🔥 PERSONAL ACCOUNT | 12.8 MILLION WAREHOUSE | 59% WINRATE | FULL ACCESS 🔥, Arena Breakout Mobile, Sale",7.04,,False,2026-09-09
70092987,"❤️18 level//warehouse 4.4cc//balance 2656k//Change of nickname❤️, Arena Breakout Mobile, Sale",2.8,4.4,False,2026-09-09
75922432,"Selling full Medusa loadout (AWP, gloves, and knives)., Arena Breakout Mobile, Sale",56.31,,True,2026-09-09
72368595,"Sale Warehouse 100kk, acc. from 1st season, Arena Breakout Mobile, Sale",309.7,100.0,False,2026-09-09
64296145,"AK 400 million, Talia, Bastet, Hecata, Skullcrusher + skins for top Ghanaians, Arena Breakout Mobile, Sale",1549.0,,False,2026-09-09
76813057,"💎3 ACCOUNT | 60+60+60KK cash | Level 30 | Complete re-binding to yourself | Issue 1-10 minutes ✅, Arena Breakout Mobile, Sale",54.6,60.0,False,2026-09-09
74981692,"💥TOP ACC 5.3KK🟨🟪+FULL ACCESS TO MAIL+AUTO-DELIVERY, Arena Breakout Mobile, Sale",1.13,5.3,False,2026-09-09
76770431,"I will sell the top account, a small bargain is possible, Arena Breakout Mobile, Sale",311.15,,False,2026-09-09
76504473,"Good account, warehouse, 21 million in cash, 13 million, Arena Breakout Mobile, Sale",45.26,,False,2026-09-09
57915919,"27LVL✨12kk cash💰12.9kk stocks🏢name change card📜speed kits,keys+Gmail,bargaining is appropriate💰🔨, Arena Breakout Mobile, Sale",10.68,12.0,False,2026-09-09
57812463,"23LVL✨5kk cash💰5.6kk stocks🏢name change card📜Speed kits,keys+Gmail mail,bargain is appropriate💰🔨, Arena Breakout Mobile, Sale",4.75,5.0,False,2026-09-09
76216274,"Seller number is 😔😞 is that the car seat 💺 or a bag 🛍️ and I can see it 😁 the same, Arena Breakout Mobile, Sale",1.41,,False,2026-09-09
76621700,"Jsjsjnxjsiwjdbdjxoskwhdbxjzisjs, Arena Breakout Mobile, Sale",3.54,,False,2026-09-09
76615135,"The account was used for boosts, Arena Breakout Mobile, Sale",282.86,,False,2026-09-09
76273040,"Account Arena breakout mobile, Arena Breakout Mobile, Sale",7.07,,False,2026-09-09
76233616,"Selling my main account. Lots of skins, 1,000+ hours played. Full account showcase is in the video., Arena Breakout Mobile, Sale",43.56,,False,2026-09-09
75221272,"❤️Juicy personal account ❤️560+kk, Arena Breakout Mobile, Sale",707.16,,False,2026-09-09
75221056,"🔥Account since season 1🔥150kk, Arena Breakout Mobile, Sale",70.72,150.0,False,2026-09-09
75122029,"Donate account 5 knife gold skins, Arena Breakout Mobile, Sale",67.89,,True,2026-09-09
74134554,"[TORG+]Old paid account from the Beta era, featuring borders and bonus items., Arena Breakout Mobile, Sale",578.77,,False,2026-09-09
57580620,"VERY GOOD ACCOUNT🤩 SKLAD 10,8M💲 MONEY 8,5M💰 FAST✅️, Arena Breakout Mobile, Sale",3.54,10.8,False,2026-09-09
75982223,"✅🔥✅FAST!✅40M + Level 30✅Fully linked to your own details✅Mobile version✅🔥✅, Arena Breakout Mobile, Sale",18.94,40.0,False,2026-09-09
75730308,"✅🔥✅FAST!✅50M + Level 30✅Fully linked to your own details✅Mobile version✅🔥✅, Arena Breakout Mobile, Sale",23.09,50.0,False,2026-09-09
75730246,"✅🔥✅FAST!✅30M + Level 30✅Fully linked to your own details✅Mobile version✅🔥✅, Arena Breakout Mobile, Sale",16.49,30.0,False,2026-09-09
75730234,"✅🔥✅FAST!✅20M + Level 30✅Fully linked to your own details✅Mobile version✅🔥✅, Arena Breakout Mobile, Sale",11.0,20.0,False,2026-09-09
76704778,"🔥 30 LVL | 💰 51M Storage | 💵 39M Cash | 🎨 Lots of Skins | 📩 Google Linked, Arena Breakout Mobile, Sale",17.11,51.0,False,2026-09-09
76812693,"👑2 accounts | 60KK cash | Level 30 | Complete re-binding to yourself | Issue 1-10 minutes ✅, Arena Breakout Mobile, Sale",31.28,60.0,False,2026-09-09
76812462,"💰 60KK cash | Level 30 | Complete re-binding to yourself | Issue 1-10 minutes ✅, Arena Breakout Mobile, Sale",16.41,60.0,False,2026-09-09
76384308,"🔥 PRO ARENA BREAKOUT ACCOUNT — READY TO PLAY! 🔥, Arena Breakout Mobile, Sale",2.87,,False,2026-09-09
76362841,"🔥 PRO ARENA BREAKOUT ACCOUNT FOR SALE!🔥, Arena Breakout Mobile, Sale",4.89,,False,2026-09-09
71971231,"✅New account.🤑 Storage 8.4M 💲💲Cash 6.5M💸💸✅, Arena Breakout Mobile, Sale",4.89,8.4,False,2026-09-09
66010268,"📀Clean account, 100 kk💵in cash, no strings attached📀, Arena Breakout Mobile, Sale",79.42,100.0,False,2026-09-09
69343850,"PERSONAL OLD ACC STORAGE 306KK, Arena Breakout Mobile, Sale",186.7,306.0,False,2026-09-09
59293715,"💰570M🔫450M koen👕free knife🪙many outfits and old one✅Full Access, Arena Breakout Mobile, Sale",472.98,570.0,True,2026-09-10
70876121,"💸💎Level 30💎 15.2K in stock, 13.8K cash💸, Arena Breakout Mobile, Sale",7.96,,False,2026-09-10
69522080,"💰Storage 25m | 🔪Arctic Sting Knife | 🔫6 Top Skins: LR-AR2, LR-AR1, LR-DMR1, VSS, AR-57, AEK, Arena Breakout Mobile, Sale",115.84,25.0,True,2026-09-10
68564603,"[MOBILE]Level 30/50M（50kk）+korn coins/auto sell/dont wait, Arena Breakout Mobile, Sale",15.2,50.0,False,2026-09-10
64069037,"Account 45 million, lots of skins, Arena Breakout Mobile, Sale",58.96,,False,2026-09-10
72265011,"💎Capsule Account (Seasons S1–S4) | 8.3M Stash Value / 4.6M Cash | Rare Items & Event Items💎, Arena Breakout Mobile, Sale",27.09,8.3,False,2026-09-10
76473768,"an account with 850 million balik, Arena Breakout Mobile, Sale",568.24,,False,2026-09-10
68775889,"Selling a Game Account (check description), Arena Breakout Mobile, Sale",113.65,,False,2026-09-10
75240577,"🎯 Arena Breakout | 6 million | RPK-16, AK-12, MDR | Returning player rewards + 2×2 safe, Arena Breakout Mobile, Sale",5.69,,False,2026-09-10
76440940,"An account with 20 million, 1 character skin, 4 knives., Arena Breakout Mobile, Sale",166.35,,True,2026-09-10
76440789,"An account with 20 million, 1 character skin, 4 knives., Arena Breakout Mobile, Sale",170.62,,True,2026-09-10
76626655,"I’m selling my account, 20,000,000 in the stash, 4 knives, and Judy Alvarez., Arena Breakout Mobile, Sale",170.62,20.0,True,2026-09-10
74630941,"Go DW go DW go DW go Rx I'm Rx I'm Rx Rx Rx, Arena Breakout Mobile, Sale",132.23,,False,2026-09-10
76715334,"The account has 3 knives and 2 characters., Arena Breakout Mobile, Sale",71.09,,True,2026-09-10
76611489,"💯💯Selling account, 50M inventory value, playing since Season 7, comes with💯💯, Arena Breakout Mobile, Sale",56.87,50.0,False,2026-09-10
76486203,"Acc for 5s 50m Manny and more scins, Arena Breakout Mobile, Sale",71.09,50.0,False,2026-09-10
75607351,"🎮 ARENA BREAKOUT: Mobile 🎮 💜 Google Play * • Level 30 * • 36 🍋 Warehouse Full access •, Arena Breakout Mobile, Sale",19.19,,False,2026-09-10
75221056,"🔥Account since season 1🔥150kk, Arena Breakout Mobile, Sale",71.09,150.0,False,2026-09-10
75812590,"Beta test account, 60 million stash value., Arena Breakout Mobile, Sale",56.87,,False,2026-09-10
74035210,"Selling account, a lot of skins 50kk all on screenshots, Arena Breakout Mobile, Sale",156.4,50.0,False,2026-09-10
72279100,"Selling an account, Arena Breakout Mobile, Sale",54.03,,False,2026-09-10
74575085,"⚡️ INSTANT DELIVERY ⚡️  ACCOUNT $70,000,000 💰 FULL ACCESS (TRANSFER TO YOU) 🔑 LEVEL 30 👑, Arena Breakout Mobile, Sale",45.77,70.0,False,2026-09-10
72508791,"[Mobile ONLY] [level 30] 40M(40 kk) Korn Coins+Other Random Items/ Full Access z45, Arena Breakout Mobile, Sale",11.63,40.0,False,2026-09-10
69411330,"💷💷💷THE FATTEST ACCOUNT WITH ANGER AND THE FIRST RED SKIN💷💷💷, Arena Breakout Mobile, Sale",215.24,,False,2026-09-10
76303227,"🤍🤍🤍GOOD ACCOUNT FOR COMFORTABLE GAME🤍🤍🤍, Arena Breakout Mobile, Sale",11.92,,False,2026-09-10
72809488,"190kk, 4 season, Blade Crusher, Arena Breakout Mobile, Sale",143.5,190.0,False,2026-09-10
76751238,"Account from Season 1. Level 30. 91 million in cash | 125 million in the warehouse., Arena Breakout Mobile, Sale",430.49,,False,2026-09-10
75438527,"🔥 PERSONAL ACCOUNT | 12.8 MILLION WAREHOUSE | 59% WINRATE | FULL ACCESS 🔥, Arena Breakout Mobile, Sale",7.17,,False,2026-09-10
76310738,"An account with 3 knives and 1 pair of gloves, Arena Breakout Mobile, Sale",172.2,,True,2026-09-10
76231351,"account the donation nice good, Arena Breakout Mobile, Sale",17.22,,False,2026-09-10
36457066,"Arena Breakout operative appearance Season 3,4,5 and BP season 4, Arena Breakout Mobile, Sale",43.05,,False,2026-09-10
75361854,"Old akkount 3 knife and red skin, Arena Breakout Mobile, Sale",243.94,,True,2026-09-10
74122569,"Sell accaunt  allot skins 300million, Arena Breakout Mobile, Sale",1376.0,,False,2026-09-10
50560450,"[MOBILE]Level 30/20M（20kk）+korn coins/auto sell/dont wait, Arena Breakout Mobile, Sale",5.74,20.0,False,2026-09-10
75982223,"✅🔥✅FAST!✅40M + Level 30✅Fully linked to your own details✅Mobile version✅🔥✅, Arena Breakout Mobile, Sale",22.31,40.0,False,2026-09-10
75730308,"✅🔥✅FAST!✅50M + Level 30✅Fully linked to your own details✅Mobile version✅🔥✅, Arena Breakout Mobile, Sale",27.21,50.0,False,2026-09-10
75730246,"✅🔥✅FAST!✅30M + Level 30✅Fully linked to your own details✅Mobile version✅🔥✅, Arena Breakout Mobile, Sale",19.43,30.0,False,2026-09-10
75730234,"✅🔥✅FAST!✅20M + Level 30✅Fully linked to your own details✅Mobile version✅🔥✅, Arena Breakout Mobile, Sale",12.96,20.0,False,2026-09-10
72948698,"[Mobile ONLY] [level 30] 60M (60 kk) Korn Coins+Other Random Items/ Full Access z-8s, Arena Breakout Mobile, Sale",18.33,60.0,False,2026-09-10
39015008,"💰583M🪙448M koen🔪 Butterfly Knife🗡Old outfits👕VSS Gold skin ✅Full Access⚡Fast delivery, Arena Breakout Mobile, Sale",497.87,583.0,True,2026-09-10
75955588,"FAT ACCOUNT VERY CHEAP, Arena Breakout Mobile, Sale",93.56,,False,2026-09-10
76025327,"Arenabreakout account sale at a low price, Arena Breakout Mobile, Sale",359.91,,False,2026-09-10
76750033,"🔥 Arena Breakout Account for Sale 🔥, Arena Breakout Mobile, Sale",86.38,,False,2026-09-10
71160550,"🌲138.8m bank 🌲 116.8м Cash 🌲 30 level 🌲 automatic withdrawal 🌲, Arena Breakout Mobile, Sale",138.16,138.8,False,2026-09-10
65300993,"198.5m STORAGE       143.7m CASH      LEVEL 30 QUICK START, Arena Breakout Mobile, Sale",197.9,198.5,False,2026-09-10
63800174,"🌲 162.4 bank 🌲115.3m Cash 🌲 30 level 🌲 automatic withdrawal 🌲, Arena Breakout Mobile, Sale",161.81,115.3,False,2026-09-10
76553943,"There are 2 knives in the account, 24 million, Arena Breakout Mobile, Sale",69.34,,True,2026-09-10
76178185,"There are 4 knives in the account, the warehouse is 16 million 80€, Arena Breakout Mobile, Sale",115.81,,True,2026-09-10
75776718,"50M+ inventory 🤩 3 paid knives 🤩 20+ gold items, Arena Breakout Mobile, Sale",115.17,50.0,True,2026-09-10
76875637,"account is good, Arena Breakout Mobile, Sale",71.98,,False,2026-09-10
72368595,"Sale Warehouse 100kk, acc. from 1st season, Arena Breakout Mobile, Sale",316.72,100.0,False,2026-09-10
69868608,"🔥Storage value: 1100kk+ 🔥5 golden weapons, Arena Breakout Mobile, Sale",995.74,1100.0,False,2026-09-10
71941498,"💥TOP ACC 5.1KK🟨SKINS🟪+FULL ACCESS TO MAIL+AUTO-DELIVERY, Arena Breakout Mobile, Sale",1.87,5.1,False,2026-09-11
65851179,"🔥🔥🔥 | 4.6 million  | 2x2 box | epic skin | full access to linking | automatic delivery |🔥🔥🔥, Arena Breakout Mobile, Sale",1.44,,False,2026-09-11
37453996,"Selling an account, 115 million warehouse, 75 million, lots of redcoins, 3 disks, Arena Breakout Mobile, Sale",71.98,,False,2026-09-11
75363272,"40kk main acc, 10 gold operator skins, 6 knifes and more donate skins, Arena Breakout Mobile, Sale",287.92,40.0,True,2026-09-11
73838360,"Arena Breakout Mobile account with a stash value of over 500 million., Arena Breakout Mobile, Sale",935.75,,False,2026-09-11
76676768,"[Mobile ONLY] [level 30] 50M(50 kk) Korn Coins+Other Random Items/ Full Access   j7S, Arena Breakout Mobile, Sale",18.42,50.0,False,2026-09-11
76641808,"70cc cache of 3 knives, 2 gold suits, lots of sets and gold weapons, Arena Breakout Mobile, Sale",96.47,70.0,True,2026-09-11
76766387,"account 300M from season 4 there is butterfly knife knight sword and 3 gold suits, Arena Breakout Mobile, Sale",497.87,300.0,True,2026-09-11
68689331,"✅✅✅ACC 550k+✅✅✅1 GLOVES✅5 KNIVES✅, Arena Breakout Mobile, Sale",359.94,,True,2026-09-11
76695590,"sosi, Arena Breakout Mobile, Sale",1444.0,,False,2026-09-11
75591567,"It’s a donor account with 300 million in the warehouse., Arena Breakout Mobile, Sale",1008.0,,False,2026-09-11
74061855,"🇵🇸🔥ACCO UNDER THE BASE, GOLD SUIT, KNIVES, Arena Breakout Mobile, Sale",64.79,,True,2026-09-11
70705713,"Account to start the game, Arena Breakout Mobile, Sale",1.89,,False,2026-09-11
72508815,"[Mobile ONLY] [level 30] 30M (30 kk) Korn Coins+Other Random Items/ Full Access z35, Arena Breakout Mobile, Sale",8.7,30.0,False,2026-09-11
72226539,"🤫Personal Acc Lvl 30🤫💥7M Total Value, 4.2M Pure Loot💥, Arena Breakout Mobile, Sale",9.36,7.0,False,2026-09-11
58484335,"🎀 ARENA BREAKOUT🎀 💰 Balance: 2.2KK💰 📈 LVL: 22 📈💵 Total cost: 3.6KK 💵 ◤AUTO DELIVERY◢, Arena Breakout Mobile, Sale",4.32,2.2,False,2026-09-11
76362513,"✅🔥LOW PRICE🔥TOP ACC👑60M STASH📦48M CASH💰TWO KNIVES🩸MANY GOLD SKINS✨✅, Arena Breakout Mobile, Sale",43.56,60.0,True,2026-09-11
76532225,"Account with 35m gold, 3x2 storage for a month, Lvl 30 🔥, Arena Breakout Mobile, Sale",14.4,35.0,False,2026-09-11
68802896,"1.1 billion storageqqqqieejdjdjsjdhehjwhevwveehirrj, Arena Breakout Mobile, Sale",4319.0,,False,2026-09-11
76384308,"🔥 PRO ARENA BREAKOUT ACCOUNT — READY TO PLAY! 🔥, Arena Breakout Mobile, Sale",3.38,,False,2026-09-11
76362841,"🔥 PRO ARENA BREAKOUT ACCOUNT FOR SALE!🔥, Arena Breakout Mobile, Sale",5.76,,False,2026-09-11
76663008,"Donation account stash of 10 million mk14 tk, Arena Breakout Mobile, Sale",187.15,,False,2026-09-11
75346660,"Embercore, Premium Battle Pass, 7,232K Cash, 32,7M Storage, Read Description, Arena Breakout Mobile, Sale",216.63,32.7,False,2026-09-11
67785442,"Legend S4, Premium Battle Pass, 11,468K Cash, 35,4M Storage, Read Description, Arena Breakout Mobile, Sale",57.77,35.4,False,2026-09-11
66305727,"Legend S11, Premium Battle Pass, 31,748K Cash, 91M Storage, Read Description, Arena Breakout Mobile, Sale",122.76,91.0,False,2026-09-11
76770431,"I will sell the top account, a small bargain is possible, Arena Breakout Mobile, Sale",316.72,,False,2026-09-11
75746159,"H shshshshs hes HSH sh shshshshs sh sh HSH sh shshshshs hshs, Arena Breakout Mobile, Sale",32.39,,False,2026-09-11
74140045,"⚡ BEST OFFER | 🆙LVL 30 | 💼Storage: 54M | 💰CASH KOEN: 40M💰 | Instant Auto-Delivery ⚡, Arena Breakout Mobile, Sale",24.89,54.0,False,2026-09-11
69122368,"6,3mln sklada//4mln nalichka, Arena Breakout Mobile, Sale",4.48,,False,2026-09-11
69582120,"60M  Storage Value, 48M cash, LVL 30, Auto delivery, Full Access, Arena Breakout Mobile, Sale",46.78,60.0,False,2026-09-11
37467784,"⚡ 60M Storage Value | 48M Cash | Full Access + Email | Instant Auto-Delivery ⚡, Arena Breakout Mobile, Sale",46.78,60.0,False,2026-09-11
72894445,"🏭 6.5M STASH 🏭 🪩 4.9M COINS 🪩 🏇 5 LVL 🏇 🦺 EPIC SKINS 🦺 📭 FULL ACCESS 📭 🚃 INSTANT DELIVERY 🚃, Arena Breakout Mobile, Sale",3.36,6.5,False,2026-09-11
76627684,"30 LVL 🔥 The warehouse is empty, but it replaces things on it. 5 Knives 🔥 imba guns 🔥 delicious 😋, Arena Breakout Mobile, Sale",100.42,,True,2026-09-11
76611489,"💯💯Selling account, 50M inventory value, playing since Season 7, comes with💯💯, Arena Breakout Mobile, Sale",48.77,50.0,False,2026-09-11
75513321,"1050m, mk14 kiberpank, 870m in cash, 104 t7, lots of gold skins., Arena Breakout Mobile, Sale",1867.0,1050.0,False,2026-09-11
75359124,"Selling an Old Ak 5 Noeets with several characters., Arena Breakout Mobile, Sale",157.8,,False,2026-09-11
68775889,"Selling a Game Account (check description), Arena Breakout Mobile, Sale",114.76,,False,2026-09-11
75982223,"✅🔥✅FAST!✅40M + Level 30✅Fully linked to your own details✅Mobile version✅🔥✅, Arena Breakout Mobile, Sale",22.27,40.0,False,2026-09-11
75730308,"✅🔥✅FAST!✅50M + Level 30✅Fully linked to your own details✅Mobile version✅🔥✅, Arena Breakout Mobile, Sale",27.15,50.0,False,2026-09-11
75730246,"✅🔥✅FAST!✅30M + Level 30✅Fully linked to your own details✅Mobile version✅🔥✅, Arena Breakout Mobile, Sale",19.4,30.0,False,2026-09-11
75730234,"✅🔥✅FAST!✅20M + Level 30✅Fully linked to your own details✅Mobile version✅🔥✅, Arena Breakout Mobile, Sale",12.93,20.0,False,2026-09-11
76973284,"/30lvl/3kk warehouse(possibly more)+decent warehouse(+T7)/have a couple of light skins+machete/, Arena Breakout Mobile, Sale",2.87,3.0,False,2026-09-11
76819336,"I'm selling a banned account. You can use Google for another game., Arena Breakout Mobile, Sale",0.57,,False,2026-09-11
76521598,"64M CASH💶WAREHOUSE 75M💵THERE ARE GOLD SKINS🌟CLEAN MAIL✅FAST DELIVERY🚚, Arena Breakout Mobile, Sale",34.48,64.0,False,2026-09-11
73733604,"Personal account (donat), Arena Breakout Mobile, Sale",646.5,,False,2026-09-11
76486203,"Acc for 5s 50m Manny and more scins, Arena Breakout Mobile, Sale",43.1,50.0,False,2026-09-11
75122029,"Donate account 5 knife gold skins, Arena Breakout Mobile, Sale",68.96,,True,2026-09-11
74122569,"Sell accaunt  allot skins 300million, Arena Breakout Mobile, Sale",1372.0,,False,2026-09-11
55734005,"❤‍🩹‼️ **Selling my MAIN Arena Breakout account!** ‼️   ⏳ Season 3 |, Arena Breakout Mobile, Sale",150.85,,False,2026-09-11
71298813,"💰113kk 🪙93m koen💰gold kerambit 🗡️gold mpx, lr-ar, vss, BASTET AND STELLA ✅ CHECK SCREENSHOTS, Arena Breakout Mobile, Sale",316.07,113.0,False,2026-09-11
68564603,"[MOBILE]Level 30/50M（50kk）+korn coins/auto sell/dont wait, Arena Breakout Mobile, Sale",15.37,50.0,False,2026-09-11
72019776,"⚡️ INSTANT DELIVERY ⚡️  ACCOUNT $50,000,000 💰 FULL ACCESS (TRANSFER TO YOU) 🔑 LEVEL 30 👑, Arena Breakout Mobile, Sale",30.14,50.0,False,2026-09-12
69430897,"💰251M 🪙101m koen⭐5 knives🔪H4 midas, VSS, DMR1, AR1 gold skin🔫2 golden outfits✅Full Access, Arena Breakout Mobile, Sale",684.57,251.0,True,2026-09-12
40345251,"💰315M ⭐13 Knives 👕8 Golden Outfits 🔫18 golden Weapons ✅Full Access📧, Arena Breakout Mobile, Sale",1120.0,315.0,True,2026-09-12
72508757,"[Mobile ONLY] [level 30] 70M(70 kk) Korn Coins+Other Random Items/ Full Access   j9F, Arena Breakout Mobile, Sale",24.64,70.0,False,2026-09-12
76231351,"account the donation nice good, Arena Breakout Mobile, Sale",17.24,,False,2026-09-12
73375797,"Account just got them talk Milano yes or they're not, Arena Breakout Mobile, Sale",72.17,,False,2026-09-12
75713414,"I am selling an Arena Breakout account., Arena Breakout Mobile, Sale",574.64,,False,2026-09-12
74895153,"AUTO-DELIVERY 😱LEVEL 30😱 6.653K BALANCE 1100 APPEARANCE VOUCHERS, Arena Breakout Mobile, Sale",28.73,,False,2026-09-12
73170443,"AUTO-DELIVERY 😱LEVEL 30😱 9.578K BALANCE 1900 APPEARANCE VOUCHERS, Arena Breakout Mobile, Sale",14.37,,False,2026-09-12
74699277,"Account with 100kk storage, Arena Breakout Mobile, Sale",86.2,100.0,False,2026-09-12
74497765,"[MOBILE] 23M Stash (All Cash💲), Level 30, Knife (Crowbar), 5 Outfit, Full Email Access, Arena Breakout Mobile, Sale",12.7,23.0,True,2026-09-12
43799124,"TOP RICH ACCOUNT, 204 STARS LEGEND. TOP 281 CHAPMAN RATING, ONE LINK (NO SCAM), Arena Breakout Mobile, Sale",215.42,,False,2026-09-12
76685862,"Account for sale! 1600 hours, 10,000 raids, 6 million warehouse, includes a knife, Arena Breakout Mobile, Sale",71.81,,True,2026-09-12
76878852,"🥷 Selling a good account 🥷, 75k stash + a lot more, Arena Breakout Mobile, Sale",34.47,,False,2026-09-12
75159408,"👾Good Account😍[Screenshots,Description](💯Security), Arena Breakout Mobile, Sale",6.46,,False,2026-09-12
71049194,"Ksgsyzhz, Arena Breakout Mobile, Sale",43.01,,False,2026-09-12
74440885,"[MOBILE] 23M Stash (22M Cash💲), Level 30, Knife (Crowbar), 3 outfit, Full Email Access, Arena Breakout Mobile, Sale",12.7,23.0,True,2026-09-12
75737183,"16mln na sklade//10,6mln v nalichii, Arena Breakout Mobile, Sale",6.46,,False,2026-09-12
72893913,"🕌 6.2M STASH 🕌 💰 3.7M COINS 💰 🪀 5 LVL 🪀 👺 EPIC SKINS + MASK 👺 ✉️ FULL ACCESS ✉️ 🛺 INSTANT DELIVERY 🛺, Arena Breakout Mobile, Sale",3.24,6.2,False,2026-09-12
76907143,"Super account S1 - 3 knives, legendary skins, 21cc warehouse, Arena Breakout Mobile, Sale",124.47,21.0,True,2026-09-12
68053910,"💸50.4kk cash; warehouse: 59.8kk💸  (30 lvl)  🟡 H416 “MG” 🟡, Arena Breakout Mobile, Sale",31.59,50.4,False,2026-09-12
72809488,"190kk, 4 season, Blade Crusher, Arena Breakout Mobile, Sale",143.61,190.0,False,2026-09-12
76273040,"Account Arena breakout mobile, Arena Breakout Mobile, Sale",4.31,,False,2026-09-12
50076234,"Operator skins , gold gun , knifes big accounts sell, Arena Breakout Mobile, Sale",180.81,,True,2026-09-12
74635295,"Warehouse 8.6kk // ARASAKA Katana // Many skins // IND70 skin // Many, Arena Breakout Mobile, Sale",46.67,8.6,False,2026-09-12
73634118,"LEVEL 30, WAREHOUSE 96,000,000 FULL SELF-BINDING. 2 KNIVES, SKINS., Arena Breakout Mobile, Sale",96.94,96.0,True,2026-09-12
68258428,"jdjd jfjsk fjjsjsksn fjdjkdkd usisjfj, Arena Breakout Mobile, Sale",114.89,,False,2026-09-12
68237773,"7 skins 🔪knaf 9 golden skins 🔫 renyar, Arena Breakout Mobile, Sale",248.94,,False,2026-09-12
49236144,"[MOBILE]Level 30/10M（10kk）+korn coins/Full Access/auto sell/dont wait/lv30/lv30 lvl30(name card), Arena Breakout Mobile, Sale",3.3,10.0,False,2026-09-12
76963087,"Bombardini Tortinii 900K/s, Arena Breakout Mobile, Sale",5.03,,False,2026-09-12
76956271,"6,3mln sklada//4mln nalichka, Arena Breakout Mobile, Sale",5.03,,False,2026-09-12
77018785,"The total warehouse is 36kk, the head is 16kk, Arena Breakout Mobile, Sale",11.49,36.0,False,2026-09-12
75221272,"❤️Juicy personal account ❤️580+kk, Arena Breakout Mobile, Sale",689.34,,False,2026-09-12
76872950,"345 million — a massive account: 4 premium knives and 2 gold characters, Arena Breakout Mobile, Sale",626.8,,True,2026-09-12
76708526,"70+kk cash HK416 MG, gold 🪙and old things/skins, Arena Breakout Mobile, Sale",43.33,,False,2026-09-12
76973546,"Oldovskiy account 🧨🧨🧨.With a bunch of skins🔥🔥🔥. 12 Kk stash. . Knife (combat machete. Crowbar)., Arena Breakout Mobile, Sale",20.11,12.0,True,2026-09-12
75438527,"🔥 PERSONAL ACCOUNT | 12.8 MILLION WAREHOUSE | 59% WINRATE | FULL ACCESS 🔥, Arena Breakout Mobile, Sale",7.18,,False,2026-09-12
76223343,"75M Stash Value | Ghillie Suit, Lucky Rabbit, Butterfly, Arena Breakout Mobile, Sale",303.29,75.0,False,2026-09-12
76055794,"Urgent sale—linked directly to your account! The top-tier safe feature is already active!, Arena Breakout Mobile, Sale",14.44,,False,2026-09-12
76776977,"🔥 ARENA BREAKOUT — LEVEL 30 💰 24M — Storage 💵 20M — Cash 🎨 Skins 🔐 Google Linked, Arena Breakout Mobile, Sale",8.62,24.0,False,2026-09-12
72508791,"[Mobile ONLY] [level 30] 40M(40 kk) Korn Coins+Other Random Items/ Full Access z45, Arena Breakout Mobile, Sale",11.63,40.0,False,2026-09-12
37141971,"Account 30 lvl  Cash - 16,5 kk   Stash - 23,2 kk   No cheats, Arena Breakout Mobile, Sale",8.62,16.5,False,2026-09-12
74272162,"🎮Arena Breakout Mobile🎮 |💎LEVEL 30💎 | 💰$50.000.000 COENS💰 |✅🔐FULL DATA✅🔐, Arena Breakout Mobile, Sale",22.26,50.0,False,2026-09-12
76384308,"🔥 PRO ARENA BREAKOUT ACCOUNT — READY TO PLAY! 🔥, Arena Breakout Mobile, Sale",3.37,,False,2026-09-12
76362841,"🔥 PRO ARENA BREAKOUT ACCOUNT FOR SALE!🔥, Arena Breakout Mobile, Sale",5.74,,False,2026-09-12
69411330,"💷💷💷THE FATTEST ACCOUNT WITH ANGER AND THE FIRST RED SKIN💷💷💷, Arena Breakout Mobile, Sale",215.42,,False,2026-09-12
72517012,"I’m selling a great account with lots of skins. It’s an account that has been active since Season 1., Arena Breakout Mobile, Sale",1205.0,,False,2026-09-12
76877466,"🚨 URGENT SALE 🚨 💰 201M STORAGE 💵 92M CASH 🔥 95 THERMAL SCOPES ⭐ 3 DISCS ⏱️ 100+ HOURS PLAYED, Arena Breakout Mobile, Sale",213.27,201.0,False,2026-09-12
76876719,"🔥 WAREHOUSE — 301M 🌡️ 221 THERMAL IMAGING DEVICES 🔥 GENERAL “TWILIGHT” SKIN ⛓️ FLAMING CHAINS, Arena Breakout Mobile, Sale",356.88,301.0,False,2026-09-12
75607351,"🎮 ARENA BREAKOUT: Mobile 🎮 💜 Google Play * • Level 30 * • 36 🍋 Warehouse Full access •, Arena Breakout Mobile, Sale",19.39,,False,2026-09-12
76823450,"Acc for 5s 50m Manny and more scins, Arena Breakout Mobile, Sale",40.21,50.0,False,2026-09-12
75746159,"H shshshshs hes HSH sh shshshshs sh sh HSH sh shshshshs hshs, Arena Breakout Mobile, Sale",28.72,,False,2026-09-12
74447114,"I am selling my personal account, including the associated email address., Arena Breakout Mobile, Sale",71.81,,False,2026-09-12
74381463,"Account main (mythic skin, 2 knives, 2 legendary weapon skins, and 12kk in inventory value)., Arena Breakout Mobile, Sale",62.23,12.0,True,2026-09-12
73865195,"I will sell acc with S1, Arena Breakout Mobile, Sale",143.61,,False,2026-09-12
64296145,"AK 400 million, Talia, Bastet, Hecata, Skullcrusher + skins for top Ghanaians, Arena Breakout Mobile, Sale",1580.0,,False,2026-09-12
75982223,"✅🔥✅FAST!✅40M + Level 30✅Fully linked to your own details✅Mobile version✅🔥✅, Arena Breakout Mobile, Sale",19.19,40.0,False,2026-09-12
75730308,"✅🔥✅FAST!✅50M + Level 30✅Fully linked to your own details✅Mobile version✅🔥✅, Arena Breakout Mobile, Sale",23.4,50.0,False,2026-09-12
75730246,"✅🔥✅FAST!✅30M + Level 30✅Fully linked to your own details✅Mobile version✅🔥✅, Arena Breakout Mobile, Sale",16.71,30.0,False,2026-09-12
75730234,"✅🔥✅FAST!✅20M + Level 30✅Fully linked to your own details✅Mobile version✅🔥✅, Arena Breakout Mobile, Sale",11.14,20.0,False,2026-09-12
76813057,"💎3 ACCOUNT | 60+60+60KK cash | Level 30 | Complete re-binding to yourself | Issue 1-10 minutes ✅, Arena Breakout Mobile, Sale",47.79,60.0,False,2026-09-12
76812693,"👑2 accounts | 60KK cash | Level 30 | Complete re-binding to yourself | Issue 1-10 minutes ✅, Arena Breakout Mobile, Sale",31.69,60.0,False,2026-09-12
76812462,"💰 60KK cash | Level 30 | Complete re-binding to yourself | Issue 1-10 minutes ✅, Arena Breakout Mobile, Sale",16.62,60.0,False,2026-09-12
76181150,"Selling an awesome Arena Breakout Mobile account., Arena Breakout Mobile, Sale",37.13,,False,2026-09-12
74981692,"💥TOP ACC 5.8KK🟨🟪+FULL ACCESS TO MAIL+AUTO-DELIVERY, Arena Breakout Mobile, Sale",1.86,5.8,False,2026-09-12
75936680,"🇪🇬ACCOUNT WITH EGYPTIAN KERAMBIT🇪🇬OLD SETS🥶, Arena Breakout Mobile, Sale",55.7,,False,2026-09-12
75240577,"🎯 Arena Breakout | 6 million | RPK-16, AK-12, MDR | Returning player rewards + 2×2 safe, Arena Breakout Mobile, Sale",4.95,,False,2026-09-12
76504473,"Good account, warehouse, 21 million in cash, 13 million, Arena Breakout Mobile, Sale",39.61,,False,2026-09-12
73733604,"Personal account (donat), Arena Breakout Mobile, Sale",557.02,,False,2026-09-12
60694436,"🔷🔹💠6 Lvl💠🔹💠2.2M money💠🔹💠1.2M koins💠🔹💠Safe 1x2 7 days💠🔹💠Li pass, Arena Breakout Mobile, Sale",0.99,2.2,False,2026-09-12
73173612,"John said you can get the card, Arena Breakout Mobile, Sale",1547.0,,False,2026-09-12
72740631,"Selling a top-of-the-line account, see description!, Arena Breakout Mobile, Sale",8.05,,False,2026-09-12
77008896,"Selling an account for personal use, Arena Breakout Mobile, Sale",286.28,,False,2026-09-13
76440940,"An account with 20 million, 1 character skin, 4 knives., Arena Breakout Mobile, Sale",168.03,,True,2026-09-13
76440789,"An account with 20 million, 1 character skin, 4 knives., Arena Breakout Mobile, Sale",172.34,,True,2026-09-13
77089016,"🫂GREAT ACCOUNT FOR BEGINNERS🫂MACHETE💅, Arena Breakout Mobile, Sale",11.2,,False,2026-09-13
77016457,"FULL AKKAYNT ARENA BREAKOUT, Arena Breakout Mobile, Sale",129.25,,False,2026-09-13
75179597,"Creator mandalorec, Arena Breakout Mobile, Sale",215.42,,False,2026-09-13
74134554,"[TORG+]Old paid account from the Beta era, featuring borders and bonus items., Arena Breakout Mobile, Sale",577.69,,False,2026-09-13
70713129,"16mln na sklade//10,6mln v nalichii, Arena Breakout Mobile, Sale",5.74,,False,2026-09-13
68053910,"💸50.4kk cash; warehouse: 59.8kk💸  (30 lvl)  🟡 H416 “MG” 🟡, Arena Breakout Mobile, Sale",30.16,50.4,False,2026-09-13
66739248,"Account 40kk, money 13kk, and free account 15kk, Arena Breakout Mobile, Sale",17.23,40.0,False,2026-09-13
71712572,"🔥🔥🔥💲151million💲 top account with skins🔥🔥🔥, Arena Breakout Mobile, Sale",134.42,,False,2026-09-13
76486203,"Acc for 5s 50m Manny and more scins, Arena Breakout Mobile, Sale",43.08,50.0,False,2026-09-13
74768100,"Knife lvl 30 Old AK Pioneer, Arena Breakout Mobile, Sale",114.89,,True,2026-09-13
75590240,"I sell my account, Arena Breakout Mobile, Sale",186.7,,False,2026-09-13
73873970,"Selling an account on the account a lot of Skins, Arena Breakout Mobile, Sale",433.27,,False,2026-09-13
54774654,"[MOBILE]Level 30/30M（30kk）+korn coins/auto sell/dont wait, Arena Breakout Mobile, Sale",8.8,30.0,False,2026-09-13
36898215,"190🍋,mk14 skinx 161 t7,t7 account, Arena Breakout Mobile, Sale",502.65,,False,2026-09-13
77088927,"BUTTERFLY KNIE📌 + GLOVES | 🆙LVL 30🆙 |, Arena Breakout Mobile, Sale",18.67,,True,2026-09-13
75672137,"100M storage account, account for currency transfer., Arena Breakout Mobile, Sale",45.9,100.0,False,2026-09-13
75703963,"🖤🤍ARENA BREAKOUT MOBILE🤍MAIL+PASSWORD🖤💎30LVL 50,000,000 CURRENCIES💎🖤AUTO DELIVERY 24/7⚡️🖤🖤, Arena Breakout Mobile, Sale",22.27,50.0,False,2026-09-13
77108583,"Super sweet, Arena Breakout Mobile, Sale",164.97,,False,2026-09-13
54408141,"🔥BASIC ACCOUNT🔥 (Ice Axe Pickaxe) ONE OF THE RAREST KNIVES💲Cash: 2,000,000💲💵13.6M💵, Arena Breakout Mobile, Sale",78.9,13.6,True,2026-09-13
71160550,"🌲151.1m bank 🌲 127.2м Cash 🌲 30 level 🌲 automatic withdrawal 🌲, Arena Breakout Mobile, Sale",150.61,151.1,False,2026-09-13
65300993,"211.6m STORAGE       156.1m CASH      LEVEL 30 QUICK START, Arena Breakout Mobile, Sale",211.6,211.6,False,2026-09-13
63800174,"🌲 172.5 bank 🌲126.4m Cash 🌲 30 level 🌲 automatic withdrawal 🌲, Arena Breakout Mobile, Sale",171.77,126.4,False,2026-09-13
76995164,"Super sweet, Arena Breakout Mobile, Sale",157.8,,False,2026-09-13
76447900,"3 knife account, Arena Breakout Mobile, Sale",143.45,,True,2026-09-13
75220337,"Selling a very tasty account, negotiable., Arena Breakout Mobile, Sale",143.45,,False,2026-09-13
74035210,"Selling account, a lot of skins 50kk all on screenshots, Arena Breakout Mobile, Sale",157.8,50.0,False,2026-09-13
71360234,"Owqxijaosidjoiawjdladckomz9*($+', Arena Breakout Mobile, Sale",9.47,,False,2026-09-13
71049194,"Ksgsyzhz, Arena Breakout Mobile, Sale",42.96,,False,2026-09-13
75702120,"🖤🤍ARENA BREAKOUT MOBILE🤍MAIL+PASSWORD🖤💎30LVL 20,000,000 CURRENCIES💎🖤AUTO DELIVERY 24/7⚡️🖤🖤, Arena Breakout Mobile, Sale",9.03,20.0,False,2026-09-13
75654215,"🌿🔥110M Storage value 54M Cash🌿🔥, Arena Breakout Mobile, Sale",74.68,110.0,False,2026-09-13
77144989,"Gaming CHEAP Account Instant Delivery, 100% Working, Ready to Use, Arena Breakout Mobile, Sale",9.6,,False,2026-09-13
77143981,"gaming novice account, instant delivery, 24/7 support, Arena Breakout Mobile, Sale",10.56,,False,2026-09-13
75456705,"Cool ak with a big ball, Arena Breakout Mobile, Sale",200.83,,False,2026-09-13
70260957,"A bomb account for playing with lots of knives, lots of skins, and everything you might need, Arena Breakout Mobile, Sale",358.63,,True,2026-09-13
76751238,"Account from Season 1. Level 30. 91 million in cash | 125 million in the warehouse., Arena Breakout Mobile, Sale",430.35,,False,2026-09-13
76615135,"The account was used for boosts, Arena Breakout Mobile, Sale",286.9,,False,2026-09-13
69868608,"🔥Storage value: 1100kk+ 🔥5 golden weapons, Arena Breakout Mobile, Sale",995.74,1100.0,False,2026-09-13
35121073,"Good account ✅️ AUTO-issue ✅️ Level 25 ✅️ Mail ✅️ Thermal imager ✅️ Arena Breakout Mobile 🎮, Arena Breakout Mobile, Sale",22.95,,False,2026-09-13
75982223,"✅🔥✅FAST!✅40M + Level 30✅Fully linked to your own details✅Mobile version✅🔥✅, Arena Breakout Mobile, Sale",19.15,40.0,False,2026-09-13
75730308,"✅🔥✅FAST!✅50M + Level 30✅Fully linked to your own details✅Mobile version✅🔥✅, Arena Breakout Mobile, Sale",23.35,50.0,False,2026-09-13
75730246,"✅🔥✅FAST!✅30M + Level 30✅Fully linked to your own details✅Mobile version✅🔥✅, Arena Breakout Mobile, Sale",16.68,30.0,False,2026-09-13
75730234,"✅🔥✅FAST!✅20M + Level 30✅Fully linked to your own details✅Mobile version✅🔥✅, Arena Breakout Mobile, Sale",11.12,20.0,False,2026-09-13
53790554,"Auto-Delivery❤️Juicy account for starting, level 20, 💰Stock value: 4.5M, 💲Cash: 3.2M, Arena Breakout Mobile, Sale",3.09,4.5,False,2026-09-13
74630941,"Go DW go DW go DW go Rx I'm Rx I'm Rx Rx Rx, Arena Breakout Mobile, Sale",114.89,,False,2026-09-13
71648050,"❗⛷️SELL ACCOUNT 30 LVL SKIN ""BASKET"" ⛷️❗, Arena Breakout Mobile, Sale",65.47,,False,2026-09-13
72785429,"🩸ACCOUNT FROM SEASON 7🩸🔥14 MILLION RESERVES🔥 🍇12.5 MILLION CASH🍇, Arena Breakout Mobile, Sale",11.51,,False,2026-09-13
72785365,"🩸ACCOUNT FROM SEASON 7🩸🔥14 MILLION RESERVES🔥 🍇12.5 MILLION CASH🍇, Arena Breakout Mobile, Sale",4.93,,False,2026-09-13
75346660,"Embercore, Premium Battle Pass, 7,232K Cash, 32,7M Storage, Read Description, Arena Breakout Mobile, Sale",186.7,32.7,False,2026-09-13
67785442,"Legend S4, Premium Battle Pass, 11,468K Cash, 35,4M Storage, Read Description, Arena Breakout Mobile, Sale",49.79,35.4,False,2026-09-13
66305727,"Legend S11, Premium Battle Pass, 31,748K Cash, 91M Storage, Read Description, Arena Breakout Mobile, Sale",105.8,91.0,False,2026-09-13
69921868,"Account S2  has 7 knives, Arena Breakout Mobile, Sale",247.07,,True,2026-09-13
76055794,"Urgent sale—linked directly to your account! The top-tier safe feature is already active!, Arena Breakout Mobile, Sale",12.45,,False,2026-09-13
75591567,"It’s a donor account with 300 million in the warehouse., Arena Breakout Mobile, Sale",864.75,,False,2026-09-13
72508791,"[Mobile ONLY] [level 30] 40M(40 kk) Korn Coins+Other Random Items/ Full Access z45, Arena Breakout Mobile, Sale",11.63,40.0,False,2026-09-14
43799124,"TOP RICH ACCOUNT, 204 STARS LEGEND. TOP 281 CHAPMAN RATING, ONE LINK (NO SCAM), Arena Breakout Mobile, Sale",143.28,,False,2026-09-14
74344968,"🔥 Arena Breakout Mobile | Global | 32M Koens | Lv.30, Arena Breakout Mobile, Sale",12.89,32.0,False,2026-09-14
77050270,"There are no knives, there are skins for weapons, Arena Breakout Mobile, Sale",14.33,,True,2026-09-14
37255263,"🟥APPEARANCE-KNIFE-CHARACTER//SAFE 2x3//5-t7//85kk-75kk±💵//DESCRIPTION BELOW, Arena Breakout Mobile, Sale",386.84,85.0,True,2026-09-14
76872950,"345 million — a massive account: 4 premium knives and 2 gold characters, Arena Breakout Mobile, Sale",625.33,,True,2026-09-14
76025327,"Arenabreakout account sale at a low price, Arena Breakout Mobile, Sale",358.19,,False,2026-09-14
74709387,"💛💛Donation-based account💛💸, Arena Breakout Mobile, Sale",72.93,,False,2026-09-14
76390670,"💫Zombie mode support 🧟, Arena Breakout Mobile, Sale",80.23,,False,2026-09-14
75962246,"12,000,000 caches , 3 gold weapon skins , 3 epic costumes, Arena Breakout Mobile, Sale",14.33,12.0,False,2026-09-14
75713414,"I am selling an Arena Breakout account., Arena Breakout Mobile, Sale",573.1,,False,2026-09-14
75432797,"good account!, Arena Breakout Mobile, Sale",35.82,,False,2026-09-14
76813057,"💎3 ACCOUNT | 60+60+60KK cash | Level 30 | Complete re-binding to yourself | Issue 1-10 minutes ✅, Arena Breakout Mobile, Sale",55.2,60.0,False,2026-09-14
76812693,"👑2 accounts | 60KK cash | Level 30 | Complete re-binding to yourself | Issue 1-10 minutes ✅, Arena Breakout Mobile, Sale",36.6,60.0,False,2026-09-14
76812462,"💰 60KK cash | Level 30 | Complete re-binding to yourself | Issue 1-10 minutes ✅, Arena Breakout Mobile, Sale",19.2,60.0,False,2026-09-14
73866900,"Sale😍😍 have absolutely everything😈 14, 8 knives.♥️ discount in the description🔥🔥🔥, Arena Breakout Mobile, Sale",643.41,,True,2026-09-14
72809488,"190kk, 4 season, Blade Crusher, Arena Breakout Mobile, Sale",142.98,190.0,False,2026-09-14
77084906,"I’m selling an account with many skins and also skins., Arena Breakout Mobile, Sale",21.45,,False,2026-09-14
76663008,"Donation account stash of 10 million mk14 tk, Arena Breakout Mobile, Sale",185.87,,False,2026-09-14
76395303,"30 LVL | 19KK inventory | 14KK money, Arena Breakout Mobile, Sale",9.29,19.0,False,2026-09-14
77010728,"I’m selling the account, first login to the game on August 21, 2024, Arena Breakout Mobile, Sale",50.03,,False,2026-09-14
73375797,"Account just got them talk Milano yes or they're not, Arena Breakout Mobile, Sale",72.02,,False,2026-09-14
76820394,"🔥 Account $17k | 💰 5M storage 🔪 3 knives | 🔴 2 red skins 🎨 Many skins | ⚠️ Email issue, Arena Breakout Mobile, Sale",157.28,5.0,True,2026-09-14
74895153,"AUTO-DELIVERY 😱LEVEL 30😱 6.653K BALANCE 1100 APPEARANCE VOUCHERS, Arena Breakout Mobile, Sale",28.6,,False,2026-09-14
73170443,"AUTO-DELIVERY 😱LEVEL 30😱 9.578K BALANCE 1900 APPEARANCE VOUCHERS, Arena Breakout Mobile, Sale",14.3,,False,2026-09-14
74980400,"Donation account | 8 knives | gloves | 200kk+ storage value, Arena Breakout Mobile, Sale",720.15,200.0,True,2026-09-14
36457066,"Arena Breakout operative appearance Season 3,4,5 and BP season 4, Arena Breakout Mobile, Sale",42.89,,False,2026-09-14
74076514,"too good and fat account in arena breakout, Arena Breakout Mobile, Sale",157.28,,False,2026-09-14
57580620,"VERY GOOD ACCOUNT🤩 SKLAD 10,8M💲 MONEY 8,5M💰 FAST✅️, Arena Breakout Mobile, Sale",3.57,10.8,False,2026-09-14
36898215,"190🍋,mk14 skinx 161 t7,t7 account, Arena Breakout Mobile, Sale",500.43,,False,2026-09-14
75982223,"✅🔥✅FAST!✅40M + Level 30✅Fully linked to your own details✅Mobile version✅🔥✅, Arena Breakout Mobile, Sale",22.22,40.0,False,2026-09-14
75730308,"✅🔥✅FAST!✅50M + Level 30✅Fully linked to your own details✅Mobile version✅🔥✅, Arena Breakout Mobile, Sale",27.1,50.0,False,2026-09-14
75730246,"✅🔥✅FAST!✅30M + Level 30✅Fully linked to your own details✅Mobile version✅🔥✅, Arena Breakout Mobile, Sale",19.35,30.0,False,2026-09-14
75730234,"✅🔥✅FAST!✅20M + Level 30✅Fully linked to your own details✅Mobile version✅🔥✅, Arena Breakout Mobile, Sale",12.9,20.0,False,2026-09-14
56736968,"Auto-Delivery❤️Juicy account for starting, level 30, 💰Stock value: 10.4M, 💲Cash: 10.1M, Arena Breakout Mobile, Sale",4.81,10.4,False,2026-09-14
76992007,"🦊 6.5M STASH 🦊 🦊 4.9M COINS 🦊 🦊 5 LVL 🦊 🦊 EPIC SKINS 🦊 🦊 FULL ACCESS 🦊 🦊 INSTANT DELIVERY 🦊, Arena Breakout Mobile, Sale",8.16,6.5,False,2026-09-14
74179702,"🦊 6.2M STASH 🦊 🦊 3.7M COINS 🦊 🦊 5 LVL 🦊 🦊 EPIC SKINS + MASK 🦊 🦊 FULL ACCESS 🦊 🦊 INSTANT DELIVERY 🦊, Arena Breakout Mobile, Sale",7.85,6.2,False,2026-09-14
63523939,"🍀💥12.1M IN STOCK💥 LVL 30 🍀8.7M IN STOCK 💥🍀, Arena Breakout Mobile, Sale",5.02,12.1,False,2026-09-14
63184223,"16M V SKLADE//10M NALICHY, Arena Breakout Mobile, Sale",5.02,16.0,False,2026-09-14
76676768,"[Mobile ONLY] [level 30] 50M(50 kk) Korn Coins+Other Random Items/ Full Access   j7S, Arena Breakout Mobile, Sale",18.57,50.0,False,2026-09-14
74300781,"48M storage value 8 outfit skin.  Many of weapon skins. Many of gear skins With 3 utopia☣️ 100%, Arena Breakout Mobile, Sale",31.12,48.0,False,2026-09-14
75704566,"Just imbp, Arena Breakout Mobile, Sale",41.58,,False,2026-09-14
74035210,"Selling account, a lot of skins 50kk all on screenshots, Arena Breakout Mobile, Sale",157.7,50.0,False,2026-09-14
73838360,"Arena Breakout Mobile account with a stash value of over 500 million., Arena Breakout Mobile, Sale",860.17,,False,2026-09-14
72279100,"Selling an account, Arena Breakout Mobile, Sale",53.04,,False,2026-09-14
68258428,"jdjd jfjsk fjjsjsksn fjdjkdkd usisjfj, Arena Breakout Mobile, Sale",114.69,,False,2026-09-14
65589082,"One out of 10 accounts with sv more than 1 billion with cash value of 920mil., Arena Breakout Mobile, Sale",1649.0,,False,2026-09-14
64296145,"AK 400 million, Talia, Bastet, Hecata, Skullcrusher + skins for top Ghanaians, Arena Breakout Mobile, Sale",1577.0,,False,2026-09-14
38148702,"❄️LEGENDARY SKIN FOR MK14❄️💲Nal 11,600,000 KOEN🆙30 LVL🆙 💵 TOTAL COST 15,100,000💵, Arena Breakout Mobile, Sale",1058.0,11.6,False,2026-09-14
76844797,"🔥 6.2M STASH 🔥 🔥 3.7M COINS 🔥 🔥 5 LVL 🔥 🔥 EPIC SKINS + MASK 🔥 🔥 FULL ACCESS 🔥 🔥 INSTANT DELIVERY 🔥, Arena Breakout Mobile, Sale",7.83,6.2,False,2026-09-14
76844710,"🔥 6.5M STASH 🔥 🔥 4.9M COINS 🔥 🔥 5 LVL 🔥 🔥 EPIC SKINS 🔥 🔥 FULL ACCESS 🔥 🔥 INSTANT DELIVERY 🔥, Arena Breakout Mobile, Sale",8.13,6.5,False,2026-09-14
76812462,"💰 60KK cash | Level 30 | Complete re-binding to yourself | Issue 1-10 minutes ✅, Arena Breakout Mobile, Sale",18.01,60.0,False,2026-09-14
77163671,"ARENA BREAKOUT MOBILE: 192,000,000 Koens, 31 character skins, and weapon skins., Arena Breakout Mobile, Sale",1216.0,192.0,False,2026-09-14
76708526,"70+kk cash HK416 MG, gold 🪙and old things/skins, Arena Breakout Mobile, Sale",43.15,,False,2026-09-14
76231351,"account the donation nice good, Arena Breakout Mobile, Sale",17.16,,False,2026-09-14
77140891,"My account from 1 season,   no cheats or third-party software were ever used, Arena Breakout Mobile, Sale",448.09,,False,2026-09-15
76750033,"🔥 Arena Breakout Account for Sale 🔥, Arena Breakout Mobile, Sale",85.82,,False,2026-09-15
75590240,"I sell my account, Arena Breakout Mobile, Sale",186.7,,False,2026-09-15
59293715,"💰635M✅✅Full Access, Arena Breakout Mobile, Sale",348.51,635.0,False,2026-09-15
77250836,"Interested in new accounts., Arena Breakout Mobile, Sale",1.43,,False,2026-09-15
56736968,"Auto-Delivery❤️Juicy account for starting, level 30, 💰Stock value: 10.4M, 💲Cash: 10.1M, Arena Breakout Mobile, Sale",3.6,10.4,False,2026-09-15
38733058,"Personal account, Arena Breakout Mobile, Sale",71.51,,False,2026-09-15
74076736,"🤑 Warehouse 42.0M, 💲💲Cash 37.3M💸💸✅, Arena Breakout Mobile, Sale",24.89,42.0,False,2026-09-15
35220446,"Personal account stash 250kk knife+gloves+fal, Arena Breakout Mobile, Sale",572.08,250.0,True,2026-09-15
75812590,"Beta test account, 60 million stash value., Arena Breakout Mobile, Sale",57.21,,False,2026-09-15
60694436,"🔷🔹💠6 Lvl💠🔹💠2.2M money💠🔹💠1.2M koins💠🔹💠Safe 1x2 7 days💠🔹💠Li pass, Arena Breakout Mobile, Sale",1.14,2.2,False,2026-09-15
75513321,"1050m, mk14 kiberpank, 870m in cash, 104 t7, lots of gold skins., Arena Breakout Mobile, Sale",1867.0,1050.0,False,2026-09-15
75359124,"Selling an Old Ak 5 Noeets with several characters., Arena Breakout Mobile, Sale",157.32,,False,2026-09-15
64406937,"account based on skins, Arena Breakout Mobile, Sale",8.58,,False,2026-09-15
72368595,"Sale Warehouse 100kk, acc. from 1st season, Arena Breakout Mobile, Sale",314.65,100.0,False,2026-09-15
71078092,"Fal Autumn ,gloves, two knives, two legendary skins, MK Ice Shard., Arena Breakout Mobile, Sale",88.11,,True,2026-09-15
70261716,"🤑Personal account from the first season🤑 🤩meteorite kukri knife🤩 👀Ajax skin👀 🥶121kk stash🥶, Arena Breakout Mobile, Sale",185.93,121.0,True,2026-09-15
70682501,"[MOBILE]Level 30/100M（100kk）+korn coins/auto sell/dont wait, Arena Breakout Mobile, Sale",53.49,100.0,False,2026-09-15
68775889,"Selling a Game Account (check description), Arena Breakout Mobile, Sale",114.42,,False,2026-09-15
35121073,"Good account ✅️ AUTO-issue ✅️ Level 25 ✅️ Mail ✅️ Thermal imager ✅️ Arena Breakout Mobile 🎮, Arena Breakout Mobile, Sale",22.88,,False,2026-09-15
76641432,"A cache of 10+million, 10 knives, 1 pair of gloves, 14 gold suits and many sets, Arena Breakout Mobile, Sale",157.56,,True,2026-09-15
75704386,"🖤🤍ARENA BREAKOUT MOBILE🤍MAIL+PASSWORD🖤💎30 LVL + 60,000,000 CURRENCY💎🖤AUTO DELIVERY 24/7⚡️🖤🖤, Arena Breakout Mobile, Sale",26.45,60.0,False,2026-09-15
72785429,"🩸ACCOUNT FROM SEASON 7🩸🔥14 MILLION RESERVES🔥 🍇12.5 MILLION CASH🍇, Arena Breakout Mobile, Sale",13.35,,False,2026-09-15
72785365,"🩸ACCOUNT FROM SEASON 7🩸🔥14 MILLION RESERVES🔥 🍇12.5 MILLION CASH🍇, Arena Breakout Mobile, Sale",5.72,,False,2026-09-15
77168189,"Sale of an old account with paid items; inventory value: 5 million., Arena Breakout Mobile, Sale",71.62,,False,2026-09-15
77157662,"💵15M CASH💵 ⚜️Level 30⚜️ 🔪Crowbar🔪🗝️Large Key Holder🗝️, Arena Breakout Mobile, Sale",4.81,15.0,False,2026-09-15
77130989,"Account from season 1, 3 donates knife, Arena Breakout Mobile, Sale",121.75,,True,2026-09-15
77050270,"There are no knives, there are skins for weapons, Arena Breakout Mobile, Sale",14.32,,True,2026-09-15
76751238,"Account from Season 1. Level 30. 91 million in cash | 125 million in the warehouse., Arena Breakout Mobile, Sale",429.71,,False,2026-09-15
77172187,"There is a miner suit and an amber core knife., Arena Breakout Mobile, Sale",28.65,,True,2026-09-15
77204963,"💸 LOADED ACCOUNT💸2 KNIVES💸 LEVEL 30 💸 120M STORAGE ✅ 110M BALANCE 💸 TOP SKINS 💸, Arena Breakout Mobile, Sale",286.47,120.0,True,2026-09-15
75262883,"Auto delivery 🌊 🔥 92,6M BALANCE | LVL 30, Arena Breakout Mobile, Sale",85.94,92.6,False,2026-09-15
75361854,"Old akkount 3 knife and red skin, Arena Breakout Mobile, Sale",214.85,,True,2026-09-15
76350622,"The account has a knife skin and a lot of gun skins, a stash of 11.4 million, and 5 million in cash., Arena Breakout Mobile, Sale",86.16,,True,2026-09-15
71360234,"Owqxijaosidjoiawjdladckomz9*($+', Arena Breakout Mobile, Sale",9.45,,False,2026-09-15
75982223,"✅🔥✅FAST!✅40M + Level 30✅Fully linked to your own details✅Mobile version✅🔥✅, Arena Breakout Mobile, Sale",22.25,40.0,False,2026-09-15
75730308,"✅🔥✅FAST!✅50M + Level 30✅Fully linked to your own details✅Mobile version✅🔥✅, Arena Breakout Mobile, Sale",27.13,50.0,False,2026-09-15
75730246,"✅🔥✅FAST!✅30M + Level 30✅Fully linked to your own details✅Mobile version✅🔥✅, Arena Breakout Mobile, Sale",19.38,30.0,False,2026-09-15
75730234,"✅🔥✅FAST!✅20M + Level 30✅Fully linked to your own details✅Mobile version✅🔥✅, Arena Breakout Mobile, Sale",12.92,20.0,False,2026-09-15
71374809,"🌿90M Storage +1 Knife + Reaper🌺, Arena Breakout Mobile, Sale",149.36,90.0,True,2026-09-15
74179699,"🦊 6.7M STASH 🦊 🦊 5.2M COINS 🦊 🦊 5 LVL 🦊 🦊 EPIC SKIN 🦊 🦊 FULL ACCESS 🦊 🦊 INSTANT DELIVERY 🦊, Arena Breakout Mobile, Sale",7.86,6.7,False,2026-09-15
74235659,"✅ Old account from Season 1 / shovel / machete / weapon skins ✅ details in description ⭣ ⭣ ⭣, Arena Breakout Mobile, Sale",10.76,,False,2026-09-15
72893842,"🏟 6.7M STASH 🏟 💠 5.2M COINS 💠 🥁 5 LVL 🥁 🧣 EPIC SKIN 🧣 📫 FULL ACCESS 📫 🚞 INSTANT DELIVERY 🚞, Arena Breakout Mobile, Sale",3.24,6.7,False,2026-09-15
72948698,"[Mobile ONLY] [level 30] 60M (60 kk) Korn Coins+Other Random Items/ Full Access z-9s, Arena Breakout Mobile, Sale",20.82,60.0,False,2026-09-15
72508791,"[Mobile ONLY] [level 30] 40M(40 kk) Korn Coins+Other Random Items/ Full Access z45, Arena Breakout Mobile, Sale",11.63,40.0,False,2026-09-15
77176227,"Top account full set of jellyfish knife and a bunch of other skins, Arena Breakout Mobile, Sale",86.12,,True,2026-09-15
57915919,"27LVL✨12kk cash💰12.9kk stocks🏢name change card📜speed kits,keys+Gmail,bargaining is appropriate💰🔨, Arena Breakout Mobile, Sale",10.84,12.0,False,2026-09-15
57812463,"23LVL✨5kk cash💰5.6kk stocks🏢name change card📜Speed kits,keys+Gmail mail,bargain is appropriate💰🔨, Arena Breakout Mobile, Sale",4.82,5.0,False,2026-09-15
72265011,"💎Capsule Account (Seasons S1–S4) | 8.3M Stash Value / 4.6M Cash | Rare Items & Event Items💎, Arena Breakout Mobile, Sale",26.87,8.3,False,2026-09-15
76395303,"30 LVL | 19KK inventory | 14KK money, Arena Breakout Mobile, Sale",9.33,19.0,False,2026-09-15
75626798,"16 knives, gloves, 3 Star Trek, full access, Arena Breakout Mobile, Sale",430.59,,True,2026-09-15
76536065,"top AK in the arena, Arena Breakout Mobile, Sale",10.76,,False,2026-09-15
76527867,"Top AK, Arena Breakout Mobile, Sale",21.53,,False,2026-09-15
76055794,"Urgent sale—linked directly to your account! The top-tier safe feature is already active!, Arena Breakout Mobile, Sale",14.37,,False,2026-09-15
75812743,"MOBILE | SV 400M | CV 293M | 3 SDs | 12 TI Mods | Silver Squire + Pharaoh’s Decree VSS |, Arena Breakout Mobile, Sale",224.04,400.0,False,2026-09-15
77270215,"3KNIFES ADN LEGENDARY 20KK, Arena Breakout Mobile, Sale",78.94,20.0,True,2026-09-15
74717422,"An account from Season 4, 3 donation knives, and many other skins, screenshots in the profile, Arena Breakout Mobile, Sale",156.0,,True,2026-09-15
71167847,"Warehouse 44.2 million, cash 35.2 million, top account to start, Arena Breakout Mobile, Sale",143.53,,False,2026-09-15
69343850,"PERSONAL OLD ACC STORAGE 306KK, Arena Breakout Mobile, Sale",201.15,306.0,False,2026-09-15
70682501,"[MOBILE]Level 30/100M（100kk）+korn coins/auto sell/dont wait, Arena Breakout Mobile, Sale",53.68,100.0,False,2026-09-15
50407176,"Sorry everyone, large-balance accounts are temporarily unavailable in large quantities., Arena Breakout Mobile, Sale",50.24,,False,2026-09-15
76844842,"🔥 6.7M STASH 🔥 🔥 5.2M COINS 🔥 🔥 5 LVL 🔥 🔥 EPIC SKIN 🔥 🔥 FULL ACCESS 🔥 🔥 INSTANT DELIVERY 🔥, Arena Breakout Mobile, Sale",6.81,6.7,False,2026-09-16
76812462,"💰 60KK cash | Level 30 | Complete re-binding to yourself | Issue 1-10 minutes ✅, Arena Breakout Mobile, Sale",15.66,60.0,False,2026-09-16
76663008,"Donation account stash of 10 million mk14 tk, Arena Breakout Mobile, Sale",161.68,,False,2026-09-16
77257998,"🍀I’m selling an account🍀 🌺12k stock🌺 🍀see the photos🍀, Arena Breakout Mobile, Sale",5.74,,False,2026-09-16
76303227,"🤍🤍🤍GOOD ACCOUNT FOR COMFORTABLE GAME🤍🤍🤍, Arena Breakout Mobile, Sale",11.93,,False,2026-09-16
77251480,"URGENT SALE — 70 MILLION IN THE INVENTORY, Arena Breakout Mobile, Sale",51.67,,False,2026-09-16
76877466,"🚨 URGENT SALE 🚨 💰 201M STORAGE 💵 92M CASH 🔥 95 THERMAL SCOPES ⭐ 3 DISCS ⏱️ 100+ HOURS PLAYED, Arena Breakout Mobile, Sale",172.24,201.0,False,2026-09-16
76876719,"🔥 WAREHOUSE — 301M 🌡️ 221 THERMAL IMAGING DEVICES 🔥 GENERAL “TWILIGHT” SKIN ⛓️ FLAMING CHAINS, Arena Breakout Mobile, Sale",356.67,301.0,False,2026-09-16
75704566,"Just imbp, Arena Breakout Mobile, Sale",41.62,,False,2026-09-16
77185732,"Account in pubg mobile 2 x costumes and upgradable weapons, Arena Breakout Mobile, Sale",28.71,,False,2026-09-16
74151128,"🔥 URGENT 💰 📦 201M IN STORAGE • 💵 92M CASH • 🔥 95 THERMAL IMAGERS • ⭐ 3 DISCS • 🎮 100+ HOURS PLAYED, Arena Breakout Mobile, Sale",186.59,201.0,False,2026-09-16
67003568,"🔥 WAREHOUSE — 301M 🌡️ 221 THERMAL IMAGING DEVICES 🔥 GENERAL “TWILIGHT” SKIN ⛓️ FLAMING CHAINS, Arena Breakout Mobile, Sale",315.77,301.0,False,2026-09-16
74140580,"Total stash value: 103.5 million Cash: 85 million No cheats., Arena Breakout Mobile, Sale",244.37,,False,2026-09-16
73691573,"Selling an account with a butterfly knife and gloves, cash 177kk, warehouse 244kk, Arena Breakout Mobile, Sale",199.29,177.0,True,2026-09-16
77187179,"🔥 LVL 30 | 40KK STORAGE | 6 KNIVES 🗡️ 🐰 Rabbit Crusher | T7 SKIN | LOTS OF WEAPONS 💎 Rare cosmetics, Arena Breakout Mobile, Sale",222.06,40.0,True,2026-09-16
77186199,"🔥  | LVL 30 | INVENTORY 564.4 | 5 knifes🔥, Arena Breakout Mobile, Sale",626.33,,True,2026-09-16
77016457,"FULL AKKAYNT ARENA BREAKOUT, Arena Breakout Mobile, Sale",128.11,,False,2026-09-16
76872950,"345 million — a massive account: 4 premium knives and 2 gold characters, Arena Breakout Mobile, Sale",621.28,,True,2026-09-16
56466899,"🎃👑💰4.4M STASH💰🎃💀2.6M CASH💀🎃🕸️A FEW COOL SKINS🕸️🎃👑🔥FULL ACCESS🔥, Arena Breakout Mobile, Sale",7.19,4.4,False,2026-09-16
76558055,"Level 30 • Crusher Knife • Evita Skin Lots of skins & large stash. More details in description., Arena Breakout Mobile, Sale",170.82,,True,2026-09-16
76383876,"Six seven Six seven Six seven Six seven Six seven Six seven Six seven Six seven, Arena Breakout Mobile, Sale",121.0,,False,2026-09-16
75420231,"Account 281million 2 knife 1 skin bosses, Arena Breakout Mobile, Sale",156.58,,True,2026-09-16
74794732,"Akkaunt 30 lvl oc ckinami, Arena Breakout Mobile, Sale",9.81,,False,2026-09-16
72508791,"[Mobile ONLY] [level 30] 40M(40 kk) Korn Coins+Other Random Items/ Full Access z45, Arena Breakout Mobile, Sale",10.1,40.0,False,2026-09-16
76935258,"FULL ACCESS WITHOUT LOSS, EVERYTHING IS YOURS 23KK WAREHOUSE, Arena Breakout Mobile, Sale",124.09,23.0,False,2026-09-16
59293715,"💰637M⭐596M Koen✨Free 3 Knives👕Old & Many Outfits🔫H4, Vss Gold skin✅Full Access📧, Arena Breakout Mobile, Sale",453.22,637.0,True,2026-09-16
74081059,"24/7 Automatic issuance💥 accounts for your further actions ❤️‍🔥 description, Arena Breakout Mobile, Sale",0.031,,False,2026-09-16
76813056,"💎3 ACCOUNT | 50 + 50 + 50KK cash | Level 30 | Complete re-binding to yourself | Issue 1-10 minutes ✅, Arena Breakout Mobile, Sale",40.62,50.0,False,2026-09-16
76812689,"👑2 accounts | 40+40KK cash | Level 30 | Complete re-binding to yourself | Issue 1-10 minutes ✅, Arena Breakout Mobile, Sale",18.75,40.0,False,2026-09-16
76812332,"💰 10KK cash | Level 30 | Complete re-binding to yourself | Issue 1-10 minutes ✅, Arena Breakout Mobile, Sale",3.12,10.0,False,2026-09-16
77252543,"LVL 30 ACCOUNT WITH LEGENDARY 5M STORAGE, Arena Breakout Mobile, Sale",24.81,5.0,False,2026-09-16
68689331,"✅✅✅ACC 550k+✅✅✅1 GLOVES✅5 KNIVES✅, Arena Breakout Mobile, Sale",310.24,,True,2026-09-16
68802896,"1.1 billion storageqqqqieejdjdjsjdhehjwhevwveehirrj, Arena Breakout Mobile, Sale",3723.0,,False,2026-09-16
71160550,"🌲151.1m bank 🌲 127.2м Cash 🌲 30 level 🌲 automatic withdrawal 🌲, Arena Breakout Mobile, Sale",130.57,151.1,False,2026-09-16
65300993,"211.6m STORAGE       156.1m CASH      LEVEL 30 QUICK START, Arena Breakout Mobile, Sale",183.45,211.6,False,2026-09-16
63800174,"🌲 172.5 bank 🌲126.4m Cash 🌲 30 level 🌲 automatic withdrawal 🌲, Arena Breakout Mobile, Sale",148.92,126.4,False,2026-09-16
75955588,"FAT ACCOUNT VERY CHEAP, Arena Breakout Mobile, Sale",80.65,,False,2026-09-16
75240577,"🎯 Arena Breakout | 6 million | RPK-16, AK-12, MDR | Returning player rewards + 2×2 safe, Arena Breakout Mobile, Sale",4.96,,False,2026-09-16
77216014,"Account balance 7kk the cache 10kk Donational account, Arena Breakout Mobile, Sale",18.61,7.0,False,2026-09-16
36457066,"Arena Breakout operative appearance Season 3,4,5 and BP season 4, Arena Breakout Mobile, Sale",37.23,,False,2026-09-16
73838360,"Arena Breakout Mobile account with a stash value of over 500 million., Arena Breakout Mobile, Sale",744.57,,False,2026-09-16
75982223,"✅🔥✅FAST!✅40M + Level 30✅Fully linked to your own details✅Mobile version✅🔥✅, Arena Breakout Mobile, Sale",22.23,40.0,False,2026-09-16
75730308,"✅🔥✅FAST!✅50M + Level 30✅Fully linked to your own details✅Mobile version✅🔥✅, Arena Breakout Mobile, Sale",27.11,50.0,False,2026-09-16
75730246,"✅🔥✅FAST!✅30M + Level 30✅Fully linked to your own details✅Mobile version✅🔥✅, Arena Breakout Mobile, Sale",19.37,30.0,False,2026-09-16
75730234,"✅🔥✅FAST!✅20M + Level 30✅Fully linked to your own details✅Mobile version✅🔥✅, Arena Breakout Mobile, Sale",12.91,20.0,False,2026-09-16
75346660,"Embercore, Premium Battle Pass, 7,232K Cash, 32,7M Storage, Read Description, Arena Breakout Mobile, Sale",215.38,32.7,False,2026-09-16
67785442,"Legend S4, Premium Battle Pass, 11,468K Cash, 35,4M Storage, Read Description, Arena Breakout Mobile, Sale",57.43,35.4,False,2026-09-16
66305727,"Legend S11, Premium Battle Pass, 31,748K Cash, 91M Storage, Read Description, Arena Breakout Mobile, Sale",122.05,91.0,False,2026-09-16
76660285,"24/7 Automatic issuance💥 accounts for your further actions ❤️‍🔥 description, Arena Breakout Mobile, Sale",0.036,,False,2026-09-17
76818539,"508.5M WAREHOUSE|313.8M CASH|137 T7|SOLD WITH EMAIL|NO BINDINGS|PERSONAL ACCOUNT|, Arena Breakout Mobile, Sale",240.67,508.5,False,2026-09-17
49357528,"[MOBILE]Level30/70M（70kk）+korn coins/Full Access/auto sell/dont wait(name card), Arena Breakout Mobile, Sale",22.66,70.0,False,2026-09-17
76627684,"30 LVL 🔥 The warehouse is empty, but it replaces things on it. 5 Knives 🔥 imba guns 🔥 delicious 😋, Arena Breakout Mobile, Sale",86.07,,True,2026-09-17
77163671,"ARENA BREAKOUT MOBILE: 192,000,000 Koens, 31 character skins, and weapon skins., Arena Breakout Mobile, Sale",1219.0,192.0,False,2026-09-17
76695590,"sosi, Arena Breakout Mobile, Sale",1426.0,,False,2026-09-17
76685862,"Account for sale! 1600 hours, 10,000 raids, 6 million warehouse, includes a knife, Arena Breakout Mobile, Sale",57.38,,True,2026-09-17
69343850,"PERSONAL OLD ACC STORAGE 306KK, Arena Breakout Mobile, Sale",199.86,306.0,False,2026-09-17
54004446,"Donation account, Arena Breakout Mobile, Sale",286.89,,False,2026-09-17
36898215,"190🍋,mk14 skinx 161 t7,t7 account, Arena Breakout Mobile, Sale",1148.0,,False,2026-09-17
37141971,"Account 30 lvl  Cash - 19,1 kk   Stash - 26,4 kk   No cheats, Arena Breakout Mobile, Sale",8.59,19.1,False,2026-09-17
77319891,"💥6.6M STORAGE💥 💥30 LVL💥 💥EPIC SKINS 💥 💥FULL ACCESS 💥 💥AUTO DELIVERY 💥, Arena Breakout Mobile, Sale",5.72,6.6,False,2026-09-17
76819336,"I'm selling a banned account. You can use Google for another game., Arena Breakout Mobile, Sale",0.57,,False,2026-09-17
77339124,"🎯 Arena Breakout Mobile: Lvl 30 🔥 19.1M Cash + 26.4M Stash, Arena Breakout Mobile, Sale",14.31,19.1,False,2026-09-17
70876121,"💸💎Level 30💎 15.2K in stock, 13.8K cash💸, Arena Breakout Mobile, Sale",8.01,,False,2026-09-17
37453996,"Selling an account, 115 million warehouse, 75 million, lots of redcoins, 3 disks, Arena Breakout Mobile, Sale",71.55,,False,2026-09-17
77140891,"My account from 1 season,   no cheats or third-party software were ever used, Arena Breakout Mobile, Sale",448.09,,False,2026-09-17
76789579,"The only way I could do that was if you had, Arena Breakout Mobile, Sale",5.72,,False,2026-09-17
76390670,"💫Zombie mode support 🧟, Arena Breakout Mobile, Sale",80.13,,False,2026-09-17
50076234,"Operator skins , gold gun , knifes big accounts sell, Arena Breakout Mobile, Sale",180.15,,True,2026-09-17
77185732,"Account in pubg mobile 2 x costumes and upgradable weapons, Arena Breakout Mobile, Sale",28.62,,False,2026-09-17
55734005,"❤‍🩹‼️ **Selling my MAIN Arena Breakout account!** ‼️   ⏳ Season 3 |, Arena Breakout Mobile, Sale",150.25,,False,2026-09-17
75354372,"Acount 370miliion and kerambit knife, Arena Breakout Mobile, Sale",180.48,,True,2026-09-17
68425334,"Offer a price✅Old account from season 1✅300 million stashes✅There is a knight✅Exclusive skin on✅, Arena Breakout Mobile, Sale",286.18,,False,2026-09-17
77354282,"🌟Sale of the main🌟 account with exclusive skins🌟 warehouse 13kk 5 t7🌟, Arena Breakout Mobile, Sale",7.92,13.0,False,2026-09-17
77349616,"Selling Arena Breakout Mobile Account | 200M Storage Value!, Arena Breakout Mobile, Sale",306.12,200.0,False,2026-09-17
53081738,"🗡️🗡️Sale account to Arena Breakout🗡️🗡️🗡️, Arena Breakout Mobile, Sale",114.13,,False,2026-09-17
76938003,"Old account – 133 million – 3 knives and gloves, Arena Breakout Mobile, Sale",256.8,,True,2026-09-17
77089016,"🫂GREAT ACCOUNT FOR BEGINNERS🫂MACHETE💅, Arena Breakout Mobile, Sale",11.2,,False,2026-09-17
77258309,"Selling account 70 million warehouse, Arena Breakout Mobile, Sale",39.95,,False,2026-09-17
74076736,"🤑 Warehouse 42.0M, 💲💲Cash 37.3M💸💸✅, Arena Breakout Mobile, Sale",24.89,42.0,False,2026-09-17
77150330,"Arena Breakout, Arena Breakout Mobile, Sale",21.4,,False,2026-09-17
76750033,"🔥 Arena Breakout Account for Sale 🔥, Arena Breakout Mobile, Sale",85.6,,False,2026-09-17
77240387,"Main Account from season 1/301 million/224 million cash/Medusa/Ephemeral/Witch’s Sickle, Arena Breakout Mobile, Sale",470.8,,False,2026-09-17
73375797,"Account just got them talk Milano yes or they're not, Arena Breakout Mobile, Sale",71.52,,False,2026-09-17
75888967,"👾10.7M💸Total👾Stash👾6.5M💸Cash👾, Arena Breakout Mobile, Sale",14.27,10.7,False,2026-09-17
75651742,"KNIFE KIBERPUNK, 1MILLION BALANCE AND SO MUCH FREE SKINS, Arena Breakout Mobile, Sale",28.61,,True,2026-09-17
74035210,"Selling account, a lot of skins 50kk all on screenshots, Arena Breakout Mobile, Sale",156.93,50.0,False,2026-09-17
71360234,"Owqxijaosidjoiawjdladckomz9*($+', Arena Breakout Mobile, Sale",9.42,,False,2026-09-17
71298813,"💰113kk 🪙93m koen💰gold kerambit 🗡️gold mpx, lr-ar, vss, BASTET AND STELLA ✅ CHECK SCREENSHOTS, Arena Breakout Mobile, Sale",313.87,113.0,False,2026-09-17
69522080,"💰Storage 25m | 🔪Arctic Sting Knife | 🔫6 Top Skins: LR-AR2, LR-AR1, LR-DMR1, VSS, AR-57, AEK, Arena Breakout Mobile, Sale",85.83,25.0,True,2026-09-17
75702514,"🖤🤍ARENA BREAKOUT MOBILE🤍MAIL+PASSWORD🖤💎30 LVL + 40,000,000 CURRENCIES💎🖤AUTO DELIVERY 24/7⚡️🖤🖤, Arena Breakout Mobile, Sale",18.01,40.0,False,2026-09-17
77338815,"🕸️🎀 Lvl 30 • 24KK Stash • 18KK Cash • Skins • Keys 🎀🕸️, Arena Breakout Mobile, Sale",26.51,24.0,False,2026-09-17
75982223,"✅🔥✅FAST!✅40M + Level 30✅Fully linked to your own details✅Mobile version✅🔥✅, Arena Breakout Mobile, Sale",22.17,40.0,False,2026-09-17
75730308,"✅🔥✅FAST!✅50M + Level 30✅Fully linked to your own details✅Mobile version✅🔥✅, Arena Breakout Mobile, Sale",27.03,50.0,False,2026-09-17
75730246,"✅🔥✅FAST!✅30M + Level 30✅Fully linked to your own details✅Mobile version✅🔥✅, Arena Breakout Mobile, Sale",19.31,30.0,False,2026-09-17
75730234,"✅🔥✅FAST!✅20M + Level 30✅Fully linked to your own details✅Mobile version✅🔥✅, Arena Breakout Mobile, Sale",12.87,20.0,False,2026-09-17
70137150,"🎀🕸️30 LVL | 24KK CACHE | 18KK CASH | SKINS | KEYS🕸️🎀, Arena Breakout Mobile, Sale",15.89,24.0,False,2026-09-17
71934484,"150 million, Arena Breakout Mobile, Sale",64.36,,False,2026-09-17
71926167,"140 million, Arena Breakout Mobile, Sale",64.36,,False,2026-09-17
76651185,"Rosie be having the best day ever with, Arena Breakout Mobile, Sale",7.15,,False,2026-09-17
60694436,"🔷🔹💠6 Lvl💠🔹💠2.2M money💠🔹💠1.2M koins💠🔹💠Safe 1x2 7 days💠🔹💠Li pass, Arena Breakout Mobile, Sale",1.14,2.2,False,2026-09-17
64069037,"Account 45 million, lots of skins, Arena Breakout Mobile, Sale",51.71,,False,2026-09-18
35220446,"Personal account stash 250kk knife+gloves+fal, Arena Breakout Mobile, Sale",572.1,250.0,True,2026-09-18
77321568,"Top account in Arena, Arena Breakout Mobile, Sale",92.87,,False,2026-09-18
77273694,"3 knives, 1 pair of gloves, many sets, many outfits., Arena Breakout Mobile, Sale",228.84,,True,2026-09-18
69921868,"Account S2  has 7 knives, Arena Breakout Mobile, Sale",286.05,,True,2026-09-18
77251480,"URGENT SALE — 70 MILLION IN THE INVENTORY, Arena Breakout Mobile, Sale",41.31,,False,2026-09-18
76877466,"🚨 URGENT SALE 🚨 💰 201M STORAGE 💵 92M CASH 🔥 95 THERMAL SCOPES ⭐ 3 DISCS ⏱️ 100+ HOURS PLAYED, Arena Breakout Mobile, Sale",171.63,201.0,False,2026-09-18
76876719,"🔥 WAREHOUSE — 301M 🌡️ 221 THERMAL IMAGING DEVICES 🔥 GENERAL “TWILIGHT” SKIN ⛓️ FLAMING CHAINS, Arena Breakout Mobile, Sale",286.05,301.0,False,2026-09-18
74151128,"🔥 URGENT 💰 📦 201M IN STORAGE • 💵 92M CASH • 🔥 95 THERMAL IMAGERS • ⭐ 3 DISCS • 🎮 100+ HOURS PLAYED, Arena Breakout Mobile, Sale",185.93,201.0,False,2026-09-18
72740631,"Selling a top-of-the-line account, see description!, Arena Breakout Mobile, Sale",9.3,,False,2026-09-18
67538603,"3 knives, 2 pairs of gloves, 2 suits check description, Arena Breakout Mobile, Sale",296.06,,True,2026-09-18
67003568,"🔥 WAREHOUSE — 301M 🌡️ 221 THERMAL IMAGING DEVICES 🔥 GENERAL “TWILIGHT” SKIN ⛓️ FLAMING CHAINS, Arena Breakout Mobile, Sale",300.35,301.0,False,2026-09-18
65782917,"24/7 Auto-delivery🌟 accounts for your further actions 🌟 description, Arena Breakout Mobile, Sale",0.29,,False,2026-09-18
75346660,"Embercore, Premium Battle Pass, 7,232K Cash, 32,7M Storage, Read Description, Arena Breakout Mobile, Sale",214.33,32.7,False,2026-09-18
67785442,"Legend S4, Premium Battle Pass, 11,468K Cash, 35,4M Storage, Read Description, Arena Breakout Mobile, Sale",57.16,35.4,False,2026-09-18
66305727,"Legend S11, Premium Battle Pass, 31,748K Cash, 91M Storage, Read Description, Arena Breakout Mobile, Sale",121.46,91.0,False,2026-09-18
76558055,"Level 30 • Crusher Knife • Evita Skin Lots of skins & large stash. More details in description., Arena Breakout Mobile, Sale",171.63,,True,2026-09-18
76872950,"345 million — a massive account: 4 premium knives and 2 gold characters, Arena Breakout Mobile, Sale",624.22,,True,2026-09-18
76973546,"Oldovskiy account 🧨🧨🧨.With a bunch of skins🔥🔥🔥. 12 Kk stash. . Knife (combat machete. Crowbar)., Arena Breakout Mobile, Sale",14.3,12.0,True,2026-09-18
76296657,"Solid account for the price. Everything matches the description 🚀🚀🚀, Arena Breakout Mobile, Sale",114.42,,False,2026-09-18
75513321,"1050m, mk14 kiberpank, 870m in cash, 104 t7, lots of gold skins., Arena Breakout Mobile, Sale",1867.0,1050.0,False,2026-09-18
75220337,"Selling a very tasty account, negotiable., Arena Breakout Mobile, Sale",164.48,,False,2026-09-18
77252543,"LVL 30 ACCOUNT WITH LEGENDARY 5M STORAGE, Arena Breakout Mobile, Sale",28.71,5.0,False,2026-09-18
72809488,"190kk, 4 season, Blade Crusher, Arena Breakout Mobile, Sale",143.62,190.0,False,2026-09-18
77340925,"Six seven Six seven Six seven Six seven, Arena Breakout Mobile, Sale",93.35,,False,2026-09-18
77310265,"I sell my own skins tak Receiving at once + mail and full access, Arena Breakout Mobile, Sale",172.34,,False,2026-09-18
77050270,"There are no knives, there are skins for weapons, Arena Breakout Mobile, Sale",14.36,,True,2026-09-18
75240577,"🎯 Arena Breakout | 6 million | RPK-16, AK-12, MDR | Returning player rewards + 2×2 safe, Arena Breakout Mobile, Sale",5.74,,False,2026-09-18
76504473,"Good account, warehouse, 21 million in cash, 13 million, Arena Breakout Mobile, Sale",45.96,,False,2026-09-18
76751238,"Account from Season 1. Level 30. 91 million in cash | 125 million in the warehouse., Arena Breakout Mobile, Sale",430.85,,False,2026-09-18
76447900,"3 knife account, Arena Breakout Mobile, Sale",143.62,,True,2026-09-18
64289979,"Selling an account from Season 1, 240+ million stash value., Arena Breakout Mobile, Sale",933.5,,False,2026-09-18
63449567,"Selling my own account, Arena Breakout Mobile, Sale",97.66,,False,2026-09-18
64296145,"AK 400 million, Talia, Bastet, Hecata, Skullcrusher + skins for top Ghanaians, Arena Breakout Mobile, Sale",1580.0,,False,2026-09-18
75982223,"✅🔥✅FAST!✅40M + Level 30✅Fully linked to your own details✅Mobile version✅🔥✅, Arena Breakout Mobile, Sale",22.25,40.0,False,2026-09-18
75730308,"✅🔥✅FAST!✅50M + Level 30✅Fully linked to your own details✅Mobile version✅🔥✅, Arena Breakout Mobile, Sale",27.13,50.0,False,2026-09-18
75730246,"✅🔥✅FAST!✅30M + Level 30✅Fully linked to your own details✅Mobile version✅🔥✅, Arena Breakout Mobile, Sale",19.38,30.0,False,2026-09-18
75730234,"✅🔥✅FAST!✅20M + Level 30✅Fully linked to your own details✅Mobile version✅🔥✅, Arena Breakout Mobile, Sale",12.92,20.0,False,2026-09-18
76698978,"🔥 DISCOUNTED PRICE 🔥 [MOBILE] 40M Stash (All Cash💲), Level 30, Don't Wait, Arena Breakout Mobile, Sale",17.57,40.0,False,2026-09-18
71160550,"🌲151.1m bank 🌲 127.2м Cash 🌲 30 level 🌲 automatic withdrawal 🌲, Arena Breakout Mobile, Sale",150.61,151.1,False,2026-09-18
65300993,"211.6m STORAGE       156.1m CASH      LEVEL 30 QUICK START, Arena Breakout Mobile, Sale",211.6,211.6,False,2026-09-18
63800174,"🌲 172.5 bank 🌲126.4m Cash 🌲 30 level 🌲 automatic withdrawal 🌲, Arena Breakout Mobile, Sale",171.77,126.4,False,2026-09-18
77447106,"Account for start, Arena Breakout Mobile, Sale",14.35,,False,2026-09-18
60185604,"🌟🌟🌟FOUR LEGENDARY SKINS AND SUITS🌟🌟🌟🔴Gmail🔴💥SKINS💥💲30.2+ kk💲🔥30 LVL🔥FULL ACCESS🔥AUTO RECEIPT🔥, Arena Breakout Mobile, Sale",58.31,,False,2026-09-18
52965409,"🌟🌟🌟MACHETE AND UNIFORM🌟🌟🌟🔴Gmail🔴🌟SKINS🌟💲52.4+ kk💲🔥FULL ACCESS🔥30 LVL🔥AUTO-RECEIPT🔥, Arena Breakout Mobile, Sale",98.04,,False,2026-09-18
35141575,"🌟🌟🌟CAPITAL SHOVEL, MACHETE AND SUITS🌟🌟🌟💥SKINS💥💲80.6+ kk💲🔥30 LVL🔥FULL ACCESS🔥AUTO-DISTRIBUTION🔥, Arena Breakout Mobile, Sale",157.95,,False,2026-09-18
73733604,"Personal account (donat), Arena Breakout Mobile, Sale",645.9,,False,2026-09-18
77336901,"hsjfjfjhfjdj djjdjf suej fjdjdkkf djfjfkkfkf, Arena Breakout Mobile, Sale",93.3,,False,2026-09-18
76088803,"I am selling my personal account. It has a few good skins and a lot of cash., Arena Breakout Mobile, Sale",244.01,,False,2026-09-18
75432797,"good account!, Arena Breakout Mobile, Sale",35.88,,False,2026-09-18
73865195,"I will sell acc with S1, Arena Breakout Mobile, Sale",143.53,,False,2026-09-18
74134554,"[TORG+]Old paid account from the Beta era, featuring borders and bonus items., Arena Breakout Mobile, Sale",357.06,,False,2026-09-18
75702120,"🖤🤍ARENA BREAKOUT MOBILE🤍MAIL+PASSWORD🖤💎30LVL 20,000,000 CURRENCIES💎🖤AUTO DELIVERY 24/7⚡️🖤🖤, Arena Breakout Mobile, Sale",9.04,20.0,False,2026-09-19
77338666,"🎒 Arena Breakout Mobile: 40M in stash (all cash 💲), lvl 30, knife, 1…, Arena Breakout Mobile, Sale",31.6,40.0,True,2026-09-19
76750033,"🔥 Arena Breakout Account for Sale 🔥, Arena Breakout Mobile, Sale",43.06,,False,2026-09-19
71049194,"Ksgsyzhz, Arena Breakout Mobile, Sale",42.99,,False,2026-09-19
70552938,"Top account, 24m. Knight Sid, knife Happy rabbit., Arena Breakout Mobile, Sale",114.82,24.0,True,2026-09-19
50560450,"[MOBILE]Level 30/20M（20kk）+korn coins/auto sell/dont wait, Arena Breakout Mobile, Sale",5.45,20.0,False,2026-09-19
74981748,"💥TOP ACC 5.1KK🟨🟪+FULL ACCESS TO MAIL+AUTO-DELIVERY, Arena Breakout Mobile, Sale",1.43,5.1,False,2026-09-19
77410023,"Arena Breakout account for sale, Arena Breakout Mobile, Sale",52.91,,False,2026-09-19
77258309,"Selling account 70 million warehouse, Arena Breakout Mobile, Sale",40.1,,False,2026-09-19
77257998,"🍀I’m selling an account🍀 🌺12k stock🌺 🍀see the photos🍀, Arena Breakout Mobile, Sale",4.3,,False,2026-09-19
74709387,"💛💛Donation-based account💛💸, Arena Breakout Mobile, Sale",72.89,,False,2026-09-19
76621700,"Jsjsjnxjsiwjdbdjxoskwhdbxjzisjs, Arena Breakout Mobile, Sale",3.58,,False,2026-09-19
76385760,"Jdhdususushwhgsrgzhzhtzutshtdhtdthdhfhtdhdhtshd sell gangsters hsysystdty, Arena Breakout Mobile, Sale",31.51,,False,2026-09-19
76231351,"account the donation nice good, Arena Breakout Mobile, Sale",8.59,,False,2026-09-19
74717422,"An account from Season 4, 3 donation knives, and many other skins, screenshots in the profile, Arena Breakout Mobile, Sale",111.7,,True,2026-09-19
73838360,"Arena Breakout Mobile account with a stash value of over 500 million., Arena Breakout Mobile, Sale",859.24,,False,2026-09-19
76963087,"Bombardini Tortinii 900K/s, Arena Breakout Mobile, Sale",4.36,,False,2026-09-19
75737183,"16mln na sklade//10,6mln v nalichii, Arena Breakout Mobile, Sale",4.36,,False,2026-09-19
63523939,"🍀💥12.1M IN STOCK💥 LVL 30 🍀8.7M IN STOCK 💥🍀, Arena Breakout Mobile, Sale",4.36,12.1,False,2026-09-19
77535033,"🏔 CACHES 2.6 M 🌕 🏔 1.2 M COINS 🌕 ⛷ 12 LVL ⛷ 📥 📥 FULL ACCESS TO ASTOVIDATU 🚡 🚡, Arena Breakout Mobile, Sale",2.49,2.6,False,2026-09-19
76813056,"💎3 ACCOUNT | 50 + 50 + 50KK cash | Level 30 | Complete re-binding to yourself | Issue 1-10 minutes ✅, Arena Breakout Mobile, Sale",40.8,50.0,False,2026-09-19
76813053,"💎3 ACCOUNT | 40 + 40 + 40KK cash | Level 30 | Complete re-binding to yourself | Issue 1-10 minutes ✅, Arena Breakout Mobile, Sale",28.77,40.0,False,2026-09-19
76813051,"👑2 ACCOUNT | 10 + 10KK cash | Level 30 | Complete re-binding to yourself | Issue 1-10 minutes ✅, Arena Breakout Mobile, Sale",22.49,10.0,False,2026-09-19
76813050,"💎3 ACCOUNT | 20 + 20 + 20KK cash | Level 30 | Complete re-binding to yourself | Issue 1-10 minutes ✅, Arena Breakout Mobile, Sale",13.6,20.0,False,2026-09-19
76813047,"💎3 ACCOUNT | 10+10 + 10KK cash | Level 30 | Complete re-binding to yourself | Issue 1-10 minutes ✅, Arena Breakout Mobile, Sale",7.85,10.0,False,2026-09-19
76812690,"👑2 ACCOUNTS | 50+50KK cash | Level 30 | Complete re-binding to yourself | Issue 1-10 minutes ✅, Arena Breakout Mobile, Sale",26.68,50.0,False,2026-09-19
76812689,"👑2 accounts | 40+40KK cash | Level 30 | Complete re-binding to yourself | Issue 1-10 minutes ✅, Arena Breakout Mobile, Sale",18.82,40.0,False,2026-09-19
76812686,"👑2 accounts | 30 + 30KK cash | Level 30 | Complete re-binding to yourself | Issue 1-10 minutes ✅, Arena Breakout Mobile, Sale",15.17,30.0,False,2026-09-19
76812684,"👑2 account | 20+20KK cash | Level 30 | Complete re-binding to yourself | Issue 1-10 minutes ✅, Arena Breakout Mobile, Sale",8.89,20.0,False,2026-09-19
76812682,"👑2 ACCOUNT | 10 + 10KK cash | Level 30 | Complete re-binding to yourself | Issue 1-10 minutes ✅, Arena Breakout Mobile, Sale",5.23,10.0,False,2026-09-19
76812348,"💰 50KK cash | Level 30 | Complete re-binding to yourself | Issue 1-10 minutes ✅, Arena Breakout Mobile, Sale",14.12,50.0,False,2026-09-19
76812347,"💰 40KK cash | Level 30 | Complete re-binding to yourself | Issue 1-10 minutes ✅, Arena Breakout Mobile, Sale",10.46,40.0,False,2026-09-19
76812345,"💰 30KK cash | Level 30 | Complete re-binding to yourself | Issue 1-10 minutes ✅, Arena Breakout Mobile, Sale",8.37,30.0,False,2026-09-19
76812344,"💰 20KK cash | Level 30 | Complete re-binding to yourself | Issue 1-10 minutes ✅, Arena Breakout Mobile, Sale",5.23,20.0,False,2026-09-19
76812332,"💰 10KK cash | Level 30 | Complete re-binding to yourself | Issue 1-10 minutes ✅, Arena Breakout Mobile, Sale",3.13,10.0,False,2026-09-19
77216014,"Account balance 7kk the cache 10kk Donational account, Arena Breakout Mobile, Sale",18.7,7.0,False,2026-09-19
66739248,"Account 40kk, money 13kk, and free account 15kk, Arena Breakout Mobile, Sale",14.96,40.0,False,2026-09-19
76663008,"Donation account stash of 10 million mk14 tk, Arena Breakout Mobile, Sale",162.05,,False,2026-09-19
76657015,"Urgently Sell Account | Donate Acc | 102kk warehouse, Arena Breakout Mobile, Sale",124.65,102.0,False,2026-09-19
60694436,"🔷🔹💠6 Lvl💠🔹💠2.2M money💠🔹💠1.2M koins💠🔹💠Safe 1x2 7 days💠🔹💠Li pass, Arena Breakout Mobile, Sale",1.0,2.2,False,2026-09-19
71360234,"Owqxijaosidjoiawjdladckomz9*($+', Arena Breakout Mobile, Sale",8.23,,False,2026-09-19
68775889,"Selling a Game Account (check description), Arena Breakout Mobile, Sale",99.72,,False,2026-09-19
67458230,"[MOBILE]Level 30/40M（40kk）+korn coins/auto sell/dont wait, Arena Breakout Mobile, Sale",10.03,40.0,False,2026-09-19
77576302,"💰 60KK cash | Level 30 | Mobile version | Complete re-binding to yourself |, Arena Breakout Mobile, Sale",19.23,60.0,False,2026-09-19
77575943,"👑2 ACCOUNTS | 60+60KK cash | Level 30 | Mobile version | Complete re-binding to yourself |, Arena Breakout Mobile, Sale",36.66,60.0,False,2026-09-19
77575231,"💎3 ACCOUNTS | 60+60+60KK cash | Level 30 | Complete re-binding to yourself | Issue 1-10 minutes ✅, Arena Breakout Mobile, Sale",55.29,60.0,False,2026-09-19
77449806,"🎯3 accounts lvl 30 | 50+50+50KK cash | full rebind | delivery in 1-10…, Arena Breakout Mobile, Sale",77.69,50.0,False,2026-09-19
77503017,"6,3mln sklada//4mln nalichka, Arena Breakout Mobile, Sale",5.01,,False,2026-09-19
77467337,"AB, KNIFE, OLD SKINS, MANY SKINS,, Arena Breakout Mobile, Sale",28.64,,True,2026-09-19
76660285,"24/7 Automatic issuance💥 accounts for your further actions ❤️‍🔥 description, Arena Breakout Mobile, Sale",0.036,,False,2026-09-19
77420691,"90mil acc for boosts, Arena Breakout Mobile, Sale",50.12,,False,2026-09-19
77381670,"Donate the account; the account has gloves, the “Wrath” skin, Hecate, and many other skins., Arena Breakout Mobile, Sale",35.8,,True,2026-09-19
77321568,"Top account in Arena, Arena Breakout Mobile, Sale",92.88,,False,2026-09-19
76447900,"3 knife account, Arena Breakout Mobile, Sale",143.21,,True,2026-09-19
71971231,"✅New account.🤑 Storage 8.4M 💲💲Cash 6.5M💸💸✅, Arena Breakout Mobile, Sale",5.73,8.4,False,2026-09-19
66010268,"📀Clean account, 100 kk💵in cash, no strings attached📀, Arena Breakout Mobile, Sale",93.08,100.0,False,2026-09-19
75359124,"Selling an Old Ak 5 Noeets with several characters., Arena Breakout Mobile, Sale",143.21,,False,2026-09-19
75361854,"Old akkount 3 knife and red skin, Arena Breakout Mobile, Sale",214.81,,True,2026-09-19
75982223,"✅🔥✅FAST!✅40M + Level 30✅Fully linked to your own details✅Mobile version✅🔥✅, Arena Breakout Mobile, Sale",22.2,40.0,False,2026-09-19
75730308,"✅🔥✅FAST!✅50M + Level 30✅Fully linked to your own details✅Mobile version✅🔥✅, Arena Breakout Mobile, Sale",27.07,50.0,False,2026-09-19
75730246,"✅🔥✅FAST!✅30M + Level 30✅Fully linked to your own details✅Mobile version✅🔥✅, Arena Breakout Mobile, Sale",19.33,30.0,False,2026-09-19
75730234,"✅🔥✅FAST!✅20M + Level 30✅Fully linked to your own details✅Mobile version✅🔥✅, Arena Breakout Mobile, Sale",12.89,20.0,False,2026-09-19
77578599,"🟠🔶 ⚡️ AUTO ⚡️ ACCOUNT 10.00.00$ 💰 FULL ACCESS ON YOURSELF 🔑 30 LEVEL 👑 🔶🟠, Arena Breakout Mobile, Sale",9.45,,False,2026-09-19
77572459,"🟡⭐ 🖤🤍ARENA BREAKOUT MOBILE🤍EMAIL+PASSWORD🖤💎30 LEVEL + 20.00.00 CURRENCY💎🖤AUTO DELIVERY 24/, Arena Breakout Mobile, Sale",12.96,,False,2026-09-19
72508791,"[Mobile ONLY] [level 30] 40M(40 kk) Korn Coins+Other Random Items/ Full Access z45, Arena Breakout Mobile, Sale",11.65,40.0,False,2026-09-19
77486740,"TOP ACC +20 WEAPON SKINS +15 GEAR SKINS WAREHOUSE 8KK, Arena Breakout Mobile, Sale",1.86,8.0,False,2026-09-19
71934484,"150 million, Arena Breakout Mobile, Sale",64.44,,False,2026-09-19
71926167,"140 million, Arena Breakout Mobile, Sale",64.44,,False,2026-09-19
76055794,"Urgent sale—linked directly to your account! The top-tier safe feature is already active!, Arena Breakout Mobile, Sale",14.29,,False,2026-09-19
74895153,"AUTO-DELIVERY 😱LEVEL 30😱 6.653K BALANCE 1100 APPEARANCE VOUCHERS, Arena Breakout Mobile, Sale",28.64,,False,2026-09-19
73170443,"AUTO-DELIVERY 😱LEVEL 30😱 9.578K BALANCE 1900 APPEARANCE VOUCHERS, Arena Breakout Mobile, Sale",14.32,,False,2026-09-19
75354372,"Acount 370miliion and kerambit knife, Arena Breakout Mobile, Sale",180.48,,True,2026-09-19
77576339,"💰 50KK cash | Level 30 | Mobile version | Complete re-binding to yourself |, Arena Breakout Mobile, Sale",16.23,50.0,False,2026-09-20
77575967,"👑2 ACCOUNTS | 50+50KK cash | Level 30 | Mobile version | Complete re-binding to yourself |, Arena Breakout Mobile, Sale",30.65,50.0,False,2026-09-20
77575267,"💎3 ACCOUNTS | 50+50+50KK cash | Level 30 | Complete re-binding to yourself | Issue 1-10 minutes ✅, Arena Breakout Mobile, Sale",46.88,50.0,False,2026-09-20
68651044,"🏅399m142cash💸 T7 Skin wrath 👕suit 2 gloves 250 T7s personal account full access, Arena Breakout Mobile, Sale",560.11,,True,2026-09-20
76395303,"30 LVL | 19KK inventory | 14KK money, Arena Breakout Mobile, Sale",9.31,19.0,False,2026-09-20
76296657,"Solid account for the price. Everything matches the description 🚀🚀🚀, Arena Breakout Mobile, Sale",114.56,,False,2026-09-20
70558162,"Almost 7 prestige level (111190/120000) 7 knives, many gold, 2 ultra-rare, and a disc, Arena Breakout Mobile, Sale",315.05,,True,2026-09-20
68237773,"7 skins 🔪knaf 9 golden skins 🔫 renyar, Arena Breakout Mobile, Sale",186.7,,False,2026-09-20
67458230,"[MOBILE]Level 30/40M（40kk）+korn coins/auto sell/dont wait, Arena Breakout Mobile, Sale",11.53,40.0,False,2026-09-20
74981692,"💥TOP ACC 4.8KK🟨🟪+FULL ACCESS TO MAIL+AUTO-DELIVERY, Arena Breakout Mobile, Sale",1.15,4.8,False,2026-09-20
77140891,"My account from 1 season,   no cheats or third-party software were ever used, Arena Breakout Mobile, Sale",448.09,,False,2026-09-20
74134554,"[TORG+]Old paid account from the Beta era, featuring borders and bonus items., Arena Breakout Mobile, Sale",357.23,,False,2026-09-20
69122368,"6,3mln sklada//4mln nalichka, Arena Breakout Mobile, Sale",5.01,,False,2026-09-20
77420563,"🏮【Mobile version】🥑level 4🏮 460k cash /📧Email + password / Auto‑issue 🏮, Arena Breakout Mobile, Sale",0.9,,False,2026-09-20
76676768,"[Mobile ONLY] [level 30] 50M(50 kk) Korn Coins+Other Random Items/ Full Access   j7S, Arena Breakout Mobile, Sale",18.66,50.0,False,2026-09-20
72809488,"190kk, 4 season, Blade Crusher, Arena Breakout Mobile, Sale",143.21,190.0,False,2026-09-20
77336901,"hsjfjfjhfjdj djjdjf suej fjdjdkkf djfjfkkfkf, Arena Breakout Mobile, Sale",93.08,,False,2026-09-20
77303713,"An old account with 3 knives and top skins, Arena Breakout Mobile, Sale",141.77,,True,2026-09-20
77016457,"FULL AKKAYNT ARENA BREAKOUT, Arena Breakout Mobile, Sale",128.89,,False,2026-09-20
77240387,"Main Account from season 1/301 million/224 million cash/Medusa/Ephemeral/Witch’s Sickle, Arena Breakout Mobile, Sale",472.58,,False,2026-09-20
75746159,"H shshshshs hes HSH sh shshshshs sh sh HSH sh shshshshs hshs, Arena Breakout Mobile, Sale",28.64,,False,2026-09-20
68258428,"jdjd jfjsk fjjsjsksn fjdjkdkd usisjfj, Arena Breakout Mobile, Sale",114.56,,False,2026-09-20
63102535,"❗Automatic delivery ❗ Nice account with skins💵🎰❗, Arena Breakout Mobile, Sale",143.73,,False,2026-09-20
76194348,"TOP AKK SKINOV NA ORUZH I OBLAKOV NA SNARYAZHENIYe, Arena Breakout Mobile, Sale",1.87,,False,2026-09-20
77576339,"💰 50KK cash | Level 30 | Mobile version | Complete re-binding to yourself |, Arena Breakout Mobile, Sale",16.29,50.0,False,2026-09-20
77575967,"👑2 ACCOUNTS | 50+50KK cash | Level 30 | Mobile version | Complete re-binding to yourself |, Arena Breakout Mobile, Sale",30.76,50.0,False,2026-09-20
77587786,"📱 Mobile Only 🌟 Level 30 🪙 50M Korn Coins + Random Items 🎮 Full Access…, Arena Breakout Mobile, Sale",34.84,50.0,False,2026-09-20
77335180,"Level 30 account | 💵 warehouse – 30k | 6 knives | 1 pair of gloves |, Arena Breakout Mobile, Sale",287.46,,True,2026-09-20
31992295,"level 11, general warehouse 4.3kk, currency 3.4kk, Full account access., Arena Breakout Mobile, Sale",4.31,4.3,False,2026-09-20
57915919,"27LVL✨12kk cash💰12.9kk stocks🏢name change card📜speed kits,keys+Gmail,bargaining is appropriate💰🔨, Arena Breakout Mobile, Sale",10.86,12.0,False,2026-09-20
57812463,"23LVL✨5kk cash💰5.6kk stocks🏢name change card📜Speed kits,keys+Gmail mail,bargain is appropriate💰🔨, Arena Breakout Mobile, Sale",4.83,5.0,False,2026-09-20
77563917,"20 million stash value. Skins. Account from Season 1., Arena Breakout Mobile, Sale",71.87,,False,2026-09-20
74630941,"Go DW go DW go DW go Rx I'm Rx I'm Rx Rx Rx, Arena Breakout Mobile, Sale",132.7,,False,2026-09-20
70137150,"🎀🕸️30 LVL | 24KK CACHE | 18KK CASH | SKINS | KEYS🕸️🎀, Arena Breakout Mobile, Sale",15.97,24.0,False,2026-09-20
71648050,"❗⛷️SELL ACCOUNT 30 LVL SKIN ""BASKET"" ⛷️❗, Arena Breakout Mobile, Sale",76.18,,False,2026-09-20
76395303,"30 LVL | 19KK inventory | 14KK money, Arena Breakout Mobile, Sale",9.34,19.0,False,2026-09-20
69921868,"Account S2  has 7 knives, Arena Breakout Mobile, Sale",287.46,,True,2026-09-20
75240577,"🎯 Arena Breakout | 6 million | RPK-16, AK-12, MDR | Returning player rewards + 2×2 safe, Arena Breakout Mobile, Sale",5.75,,False,2026-09-20
74709387,"💛💛Donation-based account💛💸, Arena Breakout Mobile, Sale",73.16,,False,2026-09-20
74035210,"Selling account, a lot of skins 50kk all on screenshots, Arena Breakout Mobile, Sale",158.1,50.0,False,2026-09-20
76315757,"⚡️ AUTO-ISSUANCE ⚡️ ACCOUNT $10,000,000 💰 FULL ACCESS TO YOURSELF 🔑 LEVEL 30 👑, Arena Breakout Mobile, Sale",6.63,10.0,False,2026-09-20
75982223,"✅🔥✅FAST!✅40M + Level 30✅Fully linked to your own details✅Mobile version✅🔥✅, Arena Breakout Mobile, Sale",22.28,40.0,False,2026-09-20
75730308,"✅🔥✅FAST!✅50M + Level 30✅Fully linked to your own details✅Mobile version✅🔥✅, Arena Breakout Mobile, Sale",27.17,50.0,False,2026-09-20
75730246,"✅🔥✅FAST!✅30M + Level 30✅Fully linked to your own details✅Mobile version✅🔥✅, Arena Breakout Mobile, Sale",19.4,30.0,False,2026-09-20
75730234,"✅🔥✅FAST!✅20M + Level 30✅Fully linked to your own details✅Mobile version✅🔥✅, Arena Breakout Mobile, Sale",12.94,20.0,False,2026-09-20
77334639,"LEVEL 30 💵 570KCC OF STORAGE | 5 KNIVES | 2 PAIRS OF GLOVES, Arena Breakout Mobile, Sale",718.66,,True,2026-09-20
69882151,"Hello,i selling old account, Arena Breakout Mobile, Sale",215.6,,False,2026-09-20
76504473,"Good account, warehouse, 21 million in cash, 13 million, Arena Breakout Mobile, Sale",45.99,,False,2026-09-20
77204963,"💸 LOADED ACCOUNT💸2 KNIVES💸 LEVEL 30 💸 120M STORAGE ✅ 110M BALANCE 💸 TOP SKINS 💸, Arena Breakout Mobile, Sale",179.66,120.0,True,2026-09-20
70683078,"[MOBILE]Level 30/60M（60kk）+korn coins/auto sell/dont wait, Arena Breakout Mobile, Sale",17.37,60.0,False,2026-09-20
68564603,"[MOBILE]Level 30/50M（50kk）+korn coins/auto sell/dont wait, Arena Breakout Mobile, Sale",15.38,50.0,False,2026-09-20
35121073,"Good account ✅️ AUTO-issue ✅️ Level 25 ✅️ Mail ✅️ Thermal imager ✅️ Arena Breakout Mobile 🎮, Arena Breakout Mobile, Sale",23.0,,False,2026-09-20
77693803,"Personal account with S3; lots of skins; 3 paid knives., Arena Breakout Mobile, Sale",33.04,,True,2026-09-20
75218589,"🌿🔥complete and excellent account🌿🔥, Arena Breakout Mobile, Sale",622.34,,False,2026-09-20
72895023,"🏔 5.4M STASH 🏔 🌕 4.17M COINS 🌕 ⛷ 5 LVL ⛷ 🦋 EPIC SKIN 🦋 📥 FULL ACCESS 📥 🚡 INSTANT DELIVERY 🚡, Arena Breakout Mobile, Sale",3.24,5.4,False,2026-09-20
77559855,"🟥🟥🟥  Arena Breakout Mobile Account for Sale – Account Linked to You 🟥🟥🟥, Arena Breakout Mobile, Sale",4.31,,False,2026-09-20
73866900,"Sale😍😍 have absolutely everything😈 14, 8 knives.♥️ discount in the description🔥🔥🔥, Arena Breakout Mobile, Sale",646.79,,True,2026-09-20
63449567,"Selling my own account, Arena Breakout Mobile, Sale",97.74,,False,2026-09-20
76844650,"🔥 5.4M STASH 🔥 🔥 4.17M COINS 🔥 🔥 5 LVL 🔥 🔥 EPIC SKIN 🔥 🔥 FULL ACCESS 🔥 🔥 INSTANT DELIVERY 🔥, Arena Breakout Mobile, Sale",7.86,5.4,False,2026-09-21
75479552,"🦊 5.4M STASH 🦊 🦊 4.17M COINS 🦊 🦊 5 LVL 🦊 🦊 EPIC SKIN 🦊 🦊 FULL ACCESS 🦊 🦊 INSTANT DELIVERY 🦊, Arena Breakout Mobile, Sale",7.87,5.4,False,2026-09-21
77578599,"🟠🔶 ⚡️ AUTO ⚡️ ACCOUNT 10.00.00$ 💰 FULL ACCESS ON YOURSELF 🔑 30 LEVEL 👑 🔶🟠, Arena Breakout Mobile, Sale",9.48,,False,2026-09-21
77572459,"🟡⭐ 🖤🤍ARENA BREAKOUT MOBILE🤍EMAIL+PASSWORD🖤💎30 LEVEL + 20.00.00 CURRENCY💎🖤AUTO DELIVERY 24/, Arena Breakout Mobile, Sale",13.0,,False,2026-09-21
77631612,"Account 20 millions+knife, Arena Breakout Mobile, Sale",114.9,,True,2026-09-21
77338581,"🎮 Arena Breakout Mobile: 22M stash, level 30, Lom knife & 5 outfits, Arena Breakout Mobile, Sale",19.75,22.0,True,2026-09-21
75701543,"🖤🤍A/B MOBILE🤍mail+password🖤💎30LVL + 30,000,000 COEN💎🖤AUTO DELIVERY 24/7⚡️🖤🖤, Arena Breakout Mobile, Sale",13.64,30.0,False,2026-09-21
76956271,"6,3mln sklada//4mln nalichka, Arena Breakout Mobile, Sale",5.03,,False,2026-09-21
71484394,"🔥 DISCOUNTED PRICE 🔥 [MOBILE] 22M Stash (20M Cash💲), Level 30, Don't Wait, Arena Breakout Mobile, Sale",10.83,22.0,False,2026-09-21
75346660,"Embercore, Premium Battle Pass, 7,232K Cash, 32,7M Storage, Read Description, Arena Breakout Mobile, Sale",214.27,32.7,False,2026-09-21
67785442,"Legend S4, Premium Battle Pass, 11,468K Cash, 35,4M Storage, Read Description, Arena Breakout Mobile, Sale",57.14,35.4,False,2026-09-21
66305727,"Legend S11, Premium Battle Pass, 31,748K Cash, 91M Storage, Read Description, Arena Breakout Mobile, Sale",121.42,91.0,False,2026-09-21
39763961,"Selling an account, 50 million warehouse, 39 million, Arena Breakout Mobile, Sale",71.79,,False,2026-09-21
37453996,"Selling an account, 115 million warehouse, 75 million, lots of redcoins, 3 disks, Arena Breakout Mobile, Sale",86.15,,False,2026-09-21
75456705,"Cool ak with a big ball, Arena Breakout Mobile, Sale",201.01,,False,2026-09-21
70260957,"A bomb account for playing with lots of knives, lots of skins, and everything you might need, Arena Breakout Mobile, Sale",358.95,,True,2026-09-21
35220446,"Personal account stash 250kk knife+gloves+fal, Arena Breakout Mobile, Sale",574.32,250.0,True,2026-09-21
77340925,"Six seven Six seven Six seven Six seven, Arena Breakout Mobile, Sale",93.33,,False,2026-09-21
77050270,"There are no knives, there are skins for weapons, Arena Breakout Mobile, Sale",14.36,,True,2026-09-21
77016457,"FULL AKKAYNT ARENA BREAKOUT, Arena Breakout Mobile, Sale",129.22,,False,2026-09-21
75438527,"🔥 PERSONAL ACCOUNT | 12.8 MILLION WAREHOUSE | 59% WINRATE | FULL ACCESS 🔥, Arena Breakout Mobile, Sale",7.18,,False,2026-09-21
70558162,"Almost 7 prestige level (111190/120000) 7 knives, many gold, 2 ultra-rare, and a disc, Arena Breakout Mobile, Sale",315.88,,True,2026-09-21
71360234,"Owqxijaosidjoiawjdladckomz9*($+', Arena Breakout Mobile, Sale",9.48,,False,2026-09-21
71298813,"💰113kk 🪙93m koen💰gold kerambit 🗡️gold mpx, lr-ar, vss, BASTET AND STELLA ✅ CHECK SCREENSHOTS, Arena Breakout Mobile, Sale",315.88,113.0,False,2026-09-21
68237773,"7 skins 🔪knaf 9 golden skins 🔫 renyar, Arena Breakout Mobile, Sale",186.7,,False,2026-09-21
67538603,"3 knives, 2 pairs of gloves, 2 suits check description, Arena Breakout Mobile, Sale",297.21,,True,2026-09-21
49357528,"[MOBILE]Level30/70M（70kk）+korn coins/Full Access/auto sell/dont wait(name card), Arena Breakout Mobile, Sale",22.69,70.0,False,2026-09-21
77729545,"✅🔥✅FAST!✅10M + Level 30✅Fully linked to your own details✅Mobile version✅🔥✅, Arena Breakout Mobile, Sale",7.19,10.0,False,2026-09-21
77729545,"✅🔥✅FAST!✅10M + Level 30✅Fully linked to your own details✅Mobile version✅🔥✅, Arena Breakout Mobile, Sale",7.19,10.0,False,2026-09-21
75982223,"✅🔥✅FAST!✅40M + Level 30✅Fully linked to your own details✅Mobile version✅🔥✅, Arena Breakout Mobile, Sale",22.29,40.0,False,2026-09-21
75730308,"✅🔥✅FAST!✅50M + Level 30✅Fully linked to your own details✅Mobile version✅🔥✅, Arena Breakout Mobile, Sale",27.18,50.0,False,2026-09-21
75730246,"✅🔥✅FAST!✅30M + Level 30✅Fully linked to your own details✅Mobile version✅🔥✅, Arena Breakout Mobile, Sale",19.42,30.0,False,2026-09-21
75730234,"✅🔥✅FAST!✅20M + Level 30✅Fully linked to your own details✅Mobile version✅🔥✅, Arena Breakout Mobile, Sale",12.95,20.0,False,2026-09-21
77576302,"💰 60KK cash | Level 30 | Mobile version | Complete re-binding to yourself |, Arena Breakout Mobile, Sale",19.32,60.0,False,2026-09-21
77575943,"👑2 ACCOUNTS | 60+60KK cash | Level 30 | Mobile version | Complete re-binding to yourself |, Arena Breakout Mobile, Sale",36.82,60.0,False,2026-09-21
77575231,"💎3 ACCOUNTS | 60+60+60KK cash | Level 30 | Complete re-binding to yourself | Issue 1-10 minutes ✅, Arena Breakout Mobile, Sale",55.53,60.0,False,2026-09-21
72785365,"🩸ACCOUNT FROM SEASON 7🩸🔥14 MILLION RESERVES🔥 🍇12.5 MILLION CASH🍇, Arena Breakout Mobile, Sale",4.3,,False,2026-09-21
77596445,"5 knives, 3 gold skins, Arena Breakout Mobile, Sale",287.67,,True,2026-09-21
72145342,"26M 2 SECRET DOCUMENTS, Arena Breakout Mobile, Sale",40.27,26.0,False,2026-09-21
77323012,"I’M SELLING AN ACCOUNT WITH A DONATION!!, Arena Breakout Mobile, Sale",143.83,,False,2026-09-21
77541265,"💤🌀6k Cohens🌀💤 21  Level 🌀Arena breakout 🌀 native account, Arena Breakout Mobile, Sale",4.32,,False,2026-09-21
75359124,"Selling an Old Ak 5 Noeets with several characters., Arena Breakout Mobile, Sale",143.83,,False,2026-09-21
77185732,"Account in pubg mobile 2 x costumes and upgradable weapons, Arena Breakout Mobile, Sale",28.77,,False,2026-09-21
74717422,"An account from Season 4, 3 donation knives, and many other skins, screenshots in the profile, Arena Breakout Mobile, Sale",112.19,,True,2026-09-21
74076514,"too good and fat account in arena breakout, Arena Breakout Mobile, Sale",158.22,,False,2026-09-21
70261716,"🤑Personal account from the first season🤑 🤩meteorite kukri knife🤩 👀Ajax skin👀 🥶121kk stash🥶, Arena Breakout Mobile, Sale",186.98,121.0,True,2026-09-21
74560715,"🧿Auto‑issue🧿 💛💛💛30Lvl, 19,5m Warehouse, 16,5m balance💛💛💛 ❤️ Google ❤️, Arena Breakout Mobile, Sale",9.44,19.5,False,2026-09-21
76303227,"🤍🤍🤍GOOD ACCOUNT FOR COMFORTABLE GAME🤍🤍🤍, Arena Breakout Mobile, Sale",10.46,,False,2026-09-21
77303713,"An old account with 3 knives and top skins, Arena Breakout Mobile, Sale",124.61,,True,2026-09-21
75240577,"🎯 Arena Breakout | 6 million | RPK-16, AK-12, MDR | Returning player rewards + 2×2 safe, Arena Breakout Mobile, Sale",5.03,,False,2026-09-21
75812743,"MOBILE | SV 400M | CV 293M | 3 SDs | 12 TI Mods | Silver Squire + Pharaoh’s Decree VSS |, Arena Breakout Mobile, Sale",195.44,400.0,False,2026-09-21
74699277,"Account with 100kk storage, Arena Breakout Mobile, Sale",75.52,100.0,False,2026-09-21
72279100,"Selling an account, Arena Breakout Mobile, Sale",46.57,,False,2026-09-21
69522080,"💰Storage 0 | 🔪Arctic Sting Knife | 🔫6 Top Skins: LR-AR2, LR-AR1, LR-DMR1, VSS, AR-57, AEK, Arena Breakout Mobile, Sale",49.79,,True,2026-09-21
38148702,"❄️LEGENDARY SKIN FOR MK14❄️💲Nal 11,600,000 KOEN🆙30 LVL🆙 💵 TOTAL COST 15,100,000💵, Arena Breakout Mobile, Sale",922.89,11.6,False,2026-09-21
72479332,"🏰 6.5M STASH 🏰 🏧 4.4M COINS 🏧 🎚 5 LVL 🎚 🖌 EPIC SKIN 🖌 📤 FULL ACCESS 📤 ✈️ INSTANT DELIVERY ✈️, Arena Breakout Mobile, Sale",3.73,6.5,False,2026-09-22
76844946,"🔥 6.5M STASH 🔥 🔥 4.4M COINS 🔥 🔥 5 LVL 🔥 🔥 EPIC SKIN 🔥 🔥 FULL ACCESS 🔥 🔥 INSTANT DELIVERY 🔥, Arena Breakout Mobile, Sale",9.12,6.5,False,2026-09-22
77576341,"💰 40KK cash | Level 30 | Mobile version | Complete re-binding to yourself |, Arena Breakout Mobile, Sale",12.11,40.0,False,2026-09-22
77716853,"arena ab, Arena Breakout Mobile, Sale",785.11,,False,2026-09-22
77685852,"Sale personal account, Arena Breakout Mobile, Sale",785.11,,False,2026-09-22
77321568,"Top account in Arena, Arena Breakout Mobile, Sale",57.1,,False,2026-09-22
72027181,"Selling Arena Breakout account 🤑230M Stash Value🤑 – details in the description., Arena Breakout Mobile, Sale",149.36,230.0,False,2026-09-22
76972721,"🦊 6.5M STASH 🦊 🦊 4.4M COINS 🦊 🦊 5 LVL 🦊 🦊 EPIC SKIN 🦊 🦊 FULL ACCESS 🦊 🦊 INSTANT DELIVERY 🦊, Arena Breakout Mobile, Sale",9.12,6.5,False,2026-09-22
76954421,"6,3mln sklada//4mln nalichka, Arena Breakout Mobile, Sale",5.05,,False,2026-09-22
72948698,"[Mobile ONLY] [level 30] 60M (60 kk) Korn Coins+Other Random Items/ Full Access z-9s, Arena Breakout Mobile, Sale",20.86,60.0,False,2026-09-22
53081738,"🗡️🗡️Sale account to Arena Breakout🗡️🗡️🗡️, Arena Breakout Mobile, Sale",93.8,,False,2026-09-22
77724953,"Selling personal account, Arena Breakout Mobile, Sale",28.86,,False,2026-09-22
77273694,"3 knives, 1 pair of gloves, many sets, many outfits., Arena Breakout Mobile, Sale",230.89,,True,2026-09-22
77258309,"Selling account 70 million warehouse, Arena Breakout Mobile, Sale",40.41,,False,2026-09-22
77251480,"URGENT SALE — 70 MILLION IN THE INVENTORY, Arena Breakout Mobile, Sale",41.68,,False,2026-09-22
76877466,"🚨 URGENT SALE 🚨 💰 201M STORAGE 💵 92M CASH 🔥 95 THERMAL SCOPES ⭐ 3 DISCS ⏱️ 100+ HOURS PLAYED, Arena Breakout Mobile, Sale",173.17,201.0,False,2026-09-22
76876719,"🔥 WAREHOUSE — 301M 🌡️ 221 THERMAL IMAGING DEVICES 🔥 GENERAL “TWILIGHT” SKIN ⛓️ FLAMING CHAINS, Arena Breakout Mobile, Sale",288.61,301.0,False,2026-09-22
76751238,"Account from Season 1. Level 30. 91 million in cash | 125 million in the warehouse., Arena Breakout Mobile, Sale",432.91,,False,2026-09-22
74151128,"🔥 URGENT 💰 📦 201M IN STORAGE • 💵 92M CASH • 🔥 95 THERMAL IMAGERS • ⭐ 3 DISCS • 🎮 100+ HOURS PLAYED, Arena Breakout Mobile, Sale",187.6,201.0,False,2026-09-22
67003568,"🔥 WAREHOUSE — 301M 🌡️ 221 THERMAL IMAGING DEVICES 🔥 GENERAL “TWILIGHT” SKIN ⛓️ FLAMING CHAINS, Arena Breakout Mobile, Sale",303.04,301.0,False,2026-09-22
59293715,"💰143M⭐74M Koen✨Free Knife👕Many Outfits🔫AX50, Ar1, Ar2, An94 Gold skin✅Full Access📧, Arena Breakout Mobile, Sale",124.47,143.0,True,2026-09-22
40345251,"💰315M ⭐13 Knives 👕8 Golden Outfits 🔫18 golden Weapons ✅Full Access📧, Arena Breakout Mobile, Sale",1120.0,315.0,True,2026-09-22
71712572,"🔥🔥🔥💲155million💲 top account with skins🔥🔥🔥, Arena Breakout Mobile, Sale",132.28,,False,2026-09-22
77730058,"Great account dark zone!, Arena Breakout Mobile, Sale",28.66,,False,2026-09-22
77485665,"Account for sell, Arena Breakout Mobile, Sale",199.15,,False,2026-09-22
77451749,"Account for sell, Arena Breakout Mobile, Sale",248.94,,False,2026-09-22
77681934,"3 KNIFE •  SAFE 3x2 • DONAT, Arena Breakout Mobile, Sale",22.93,,True,2026-09-22
77627371,"Old account adidas mk-14 shrapnel, Arena Breakout Mobile, Sale",229.31,,False,2026-09-22
72785429,"🩸ACCOUNT FROM SEASON 7🩸🔥14 MILLION RESERVES🔥 🍇12.5 MILLION CASH🍇, Arena Breakout Mobile, Sale",10.03,,False,2026-09-22
76231351,"account the donation nice good, Arena Breakout Mobile, Sale",8.6,,False,2026-09-22
75965716,"Good account, Arena Breakout Mobile, Sale",28.65,,False,2026-09-22
74134554,"[TORG+]Old paid account from the Beta era, featuring borders and bonus items., Arena Breakout Mobile, Sale",356.83,,False,2026-09-22
58245974,"⚡⚡efagsd⚡⚡【 PEAK 】🔴🔴 ➤➤➤【 24gsgsdg 】🔴🔴【STE🧨】, Arena Breakout Mobile, Sale",7.09,,False,2026-09-22
77729545,"✅🔥✅FAST!✅10M + Level 30✅Fully linked to your own details✅Mobile version✅🔥✅, Arena Breakout Mobile, Sale",7.23,10.0,False,2026-09-22
75982223,"✅🔥✅FAST!✅40M + Level 30✅Fully linked to your own details✅Mobile version✅🔥✅, Arena Breakout Mobile, Sale",22.43,40.0,False,2026-09-22
75730308,"✅🔥✅FAST!✅50M + Level 30✅Fully linked to your own details✅Mobile version✅🔥✅, Arena Breakout Mobile, Sale",27.35,50.0,False,2026-09-22
75730246,"✅🔥✅FAST!✅30M + Level 30✅Fully linked to your own details✅Mobile version✅🔥✅, Arena Breakout Mobile, Sale",19.53,30.0,False,2026-09-22
75730234,"✅🔥✅FAST!✅20M + Level 30✅Fully linked to your own details✅Mobile version✅🔥✅, Arena Breakout Mobile, Sale",13.02,20.0,False,2026-09-22
77157675,"🏔 3M STASH 🏔 🌕 3M COINS 🌕 ⛷ LVL 5 ⛷ 🦋 EPIC SKIN 🦋 📥 FULL ACCESS 📥 🚡 INSTANT DELIVERY 🚡, Arena Breakout Mobile, Sale",2.17,3.0,False,2026-09-22
77656644,"🌿183M Storage value 137M Cash🌿, Arena Breakout Mobile, Sale",169.47,183.0,False,2026-09-22
69411330,"💷💷💷THE FATTEST ACCOUNT WITH ANGER AND THE FIRST RED SKIN💷💷💷, Arena Breakout Mobile, Sale",217.03,,False,2026-09-22
74076736,"🤑 Warehouse 42.0M, 💲💲Cash 37.3M💸💸✅, Arena Breakout Mobile, Sale",25.11,42.0,False,2026-09-22
75870737,"Urgently selling an account for a normal start of the game., Arena Breakout Mobile, Sale",25.11,,False,2026-09-22
75869231,"❗️‼️❗️Urgent 🚨‼️❗️‼️Selling an account with skins!, Arena Breakout Mobile, Sale",50.21,,False,2026-09-22
73176678,"Top personal account 🔥3 knives🔥3 legendary costumes🔥, Arena Breakout Mobile, Sale",313.83,,True,2026-09-22
77634845,"Legendary 50-Star 35kk Dagger + Bastet Costume, Arena Breakout Mobile, Sale",106.7,35.0,False,2026-09-22
77559855,"🟥🟥🟥  Arena Breakout Mobile Account for Sale – Account Linked to You 🟥🟥🟥, Arena Breakout Mobile, Sale",4.34,,False,2026-09-22
76384308,"🔥 PRO ARENA BREAKOUT ACCOUNT — READY TO PLAY! 🔥, Arena Breakout Mobile, Sale",3.4,,False,2026-09-22
76362841,"🔥 PRO ARENA BREAKOUT ACCOUNT FOR SALE!🔥, Arena Breakout Mobile, Sale",5.79,,False,2026-09-22
76657015,"Urgently Sell Account | Donate Acc | 102kk warehouse, Arena Breakout Mobile, Sale",122.98,102.0,False,2026-09-22
75359124,"Selling an Old Ak 5 Noeets with several characters., Arena Breakout Mobile, Sale",144.69,,False,2026-09-22
74980400,"Donation account | 8 knives | gloves | 200kk+ storage value | Lucky rabbit, Arena Breakout Mobile, Sale",1148.0,200.0,True,2026-09-22
67538603,"3 knives, 2 pairs of gloves, 2 suits check description, Arena Breakout Mobile, Sale",299.5,,True,2026-09-22
68564603,"[MOBILE]Level 30/50M（50kk）+korn coins/auto sell/dont wait, Arena Breakout Mobile, Sale",15.48,50.0,False,2026-09-22
73691573,"Selling an account with a butterfly knife and gloves, cash 177kk, warehouse 244kk, Arena Breakout Mobile, Sale",188.07,177.0,True,2026-09-23
77789313,"600mln, 3 skin ,3 noj, Arena Breakout Mobile, Sale",723.36,,False,2026-09-23
77535758,"So you don’t have a choice to make a living off the, Arena Breakout Mobile, Sale",361.68,,False,2026-09-23
37255263,"🟥APPEARANCE-KNIFE-CHARACTER//SAFE 2x3//5-t7//85kk-75kk±💵//DESCRIPTION BELOW, Arena Breakout Mobile, Sale",390.62,85.0,True,2026-09-23
76473768,"an account with 806 million balik, Arena Breakout Mobile, Sale",535.29,,False,2026-09-23
73173612,"John said you can get the card, Arena Breakout Mobile, Sale",1808.0,,False,2026-09-23
73873970,"Selling an account on the account a lot of Skins, Arena Breakout Mobile, Sale",431.17,,False,2026-09-23
68237773,"7 skins 🔪knaf 9 golden skins 🔫 renyar, Arena Breakout Mobile, Sale",188.3,,False,2026-09-23
77467337,"AB, KNIFE, OLD SKINS, MANY SKINS,, Arena Breakout Mobile, Sale",18.96,,True,2026-09-23
66739248,"Account 40kk, money 13kk, and free account 15kk, Arena Breakout Mobile, Sale",15.17,40.0,False,2026-09-23
77798151,"Account sale from beta test 72 million warehouse 57 million cash 6 knives 4 suits, Arena Breakout Mobile, Sale",252.76,,True,2026-09-23
72517012,"I’m selling a great account with lots of skins. It’s an account that has been active since Season 1., Arena Breakout Mobile, Sale",1061.0,,False,2026-09-23
77716212,"I'm selling an account with a butterfly knife fe t skins, plus the golden ""Leshy"" skin., Arena Breakout Mobile, Sale",56.87,,True,2026-09-23
77712381,"The account includes 3 knives, an MK skin, and the Teplo and Evita Apostle skins., Arena Breakout Mobile, Sale",61.93,,True,2026-09-23
50076234,"Operator skins , gold gun , knifes big accounts sell, Arena Breakout Mobile, Sale",159.11,,True,2026-09-23
74630941,"Go DW go DW go DW go Rx I'm Rx I'm Rx Rx Rx, Arena Breakout Mobile, Sale",116.68,,False,2026-09-23
77008896,"Selling an account for personal use, Arena Breakout Mobile, Sale",252.23,,False,2026-09-23
77240387,"Main Account from season 1/301 million/224 million cash/Medusa/Ephemeral/Witch’s Sickle, Arena Breakout Mobile, Sale",303.31,,False,2026-09-23
76621700,"Jsjsjnxjsiwjdbdjxoskwhdbxjzisjs, Arena Breakout Mobile, Sale",3.16,,False,2026-09-23
77182271,"Account inn1 season, Arena Breakout Mobile, Sale",50.55,,False,2026-09-23
75812743,"MOBILE | SV 400M | CV 293M | 3 SDs | 12 TI Mods | Silver Squire + Pharaoh’s Decree VSS |, Arena Breakout Mobile, Sale",197.4,400.0,False,2026-09-23
77870998,"🌿Talon striker +72M Storage value 49M Cash🌿, Arena Breakout Mobile, Sale",188.3,72.0,False,2026-09-23
76952500,"6,3mln sklada//4mln nalichka, Arena Breakout Mobile, Sale",5.05,,False,2026-09-23
77825820,"10.000.000 KOINS, GMAIL 30 LVL,, Arena Breakout Mobile, Sale",3.61,10.0,False,2026-09-23
67032775,"🎀 ARENA BREAKOUT🎀 💰 Balance: 3.1KK💰 📈 LVL: 20 📈💵 Total cost: 5.4KK 💵 ◤AUTO DELIVERY◢, Arena Breakout Mobile, Sale",2.88,3.1,False,2026-09-23
77349616,"Selling Arena Breakout Mobile Account | 200M Storage Value!, Arena Breakout Mobile, Sale",297.26,200.0,False,2026-09-23
77273694,"3 knives, 1 pair of gloves, many sets, many outfits., Arena Breakout Mobile, Sale",230.79,,True,2026-09-23
77163671,"ARENA BREAKOUT MOBILE: 192,000,000 Koens, 31 character skins, and weapon skins., Arena Breakout Mobile, Sale",1226.0,192.0,False,2026-09-23
77050270,"There are no knives, there are skins for weapons, Arena Breakout Mobile, Sale",14.42,,True,2026-09-23
70558162,"Almost 7 prestige level (111190/120000) 7 knives, many gold, 2 ultra-rare, and a disc, Arena Breakout Mobile, Sale",317.34,,True,2026-09-23
76088803,"I am selling my personal account. It has a few good skins and a lot of cash., Arena Breakout Mobile, Sale",245.22,,False,2026-09-23
67458230,"[MOBILE]Level 30/40M（40kk）+korn coins/auto sell/dont wait, Arena Breakout Mobile, Sale",11.61,40.0,False,2026-09-23
76420038,"KNIFE💎🤍AUTO DELIVERY💎🖤70,000,000 IN CASH + KNIFE AND SKINS 🤍💎+400 BONDS💎🖤FULL REBINDING💎, Arena Breakout Mobile, Sale",86.55,70.0,True,2026-09-23
77792668,"Selling account, 40 million stash value, includes a paid-content knife and characters., Arena Breakout Mobile, Sale",72.12,,True,2026-09-23
60185604,"🌟🌟🌟FOUR LEGENDARY SKINS AND SUITS🌟🌟🌟🔴Gmail🔴💥SKINS💥💲30.2+ kk💲🔥30 LVL🔥FULL ACCESS🔥AUTO RECEIPT🔥, Arena Breakout Mobile, Sale",58.6,,False,2026-09-23
52965409,"🌟🌟🌟MACHETE AND UNIFORM🌟🌟🌟🔴Gmail🔴🌟SKINS🌟💲52.4+ kk💲🔥FULL ACCESS🔥30 LVL🔥AUTO-RECEIPT🔥, Arena Breakout Mobile, Sale",98.53,,False,2026-09-23
35141575,"🌟🌟🌟CAPITAL SHOVEL, MACHETE AND SUITS🌟🌟🌟💥SKINS💥💲80.6+ kk💲🔥30 LVL🔥FULL ACCESS🔥AUTO-DISTRIBUTION🔥, Arena Breakout Mobile, Sale",158.74,,False,2026-09-23
75456705,"Cool ak with a big ball, Arena Breakout Mobile, Sale",201.95,,False,2026-09-23
70260957,"A bomb account for playing with lots of knives, lots of skins, and everything you might need, Arena Breakout Mobile, Sale",360.62,,True,2026-09-23
72145342,"26M 2 SECRET DOCUMENTS, Arena Breakout Mobile, Sale",40.39,26.0,False,2026-09-23
71160550,"🌲160.2m bank 🌲 136м Cash 🌲 30 level 🌲 automatic withdrawal 🌲, Arena Breakout Mobile, Sale",160.68,160.2,False,2026-09-23
65300993,"225m STORAGE       166.9m CASH      LEVEL 30 QUICK START, Arena Breakout Mobile, Sale",225.96,225.0,False,2026-09-23
63800174,"🌲 183.3 bank 🌲136.2m Cash 🌲 30 level 🌲 automatic withdrawal 🌲, Arena Breakout Mobile, Sale",184.53,136.2,False,2026-09-23
77447036,"fat account, Arena Breakout Mobile, Sale",28.85,,False,2026-09-23
77185732,"Account in pubg mobile 2 x costumes and upgradable weapons, Arena Breakout Mobile, Sale",28.85,,False,2026-09-23
74447114,"I am selling my personal account, including the associated email address., Arena Breakout Mobile, Sale",72.12,,False,2026-09-23
71298813,"💰113kk 🪙93m koen💰gold kerambit 🗡️gold mpx, lr-ar, vss, BASTET AND STELLA ✅ CHECK SCREENSHOTS, Arena Breakout Mobile, Sale",317.35,113.0,False,2026-09-23
74560715,"🧿Auto‑issue🧿 💛💛💛30Lvl, 19,5m Warehouse, 16,5m balance💛💛💛 ❤️ Google ❤️, Arena Breakout Mobile, Sale",10.78,19.5,False,2026-09-23
77729545,"✅🔥✅FAST!✅10M + Level 30✅Fully linked to your own details✅Mobile version✅🔥✅, Arena Breakout Mobile, Sale",7.19,10.0,False,2026-09-23
75982223,"✅🔥✅FAST!✅40M + Level 30✅Fully linked to your own details✅Mobile version✅🔥✅, Arena Breakout Mobile, Sale",22.29,40.0,False,2026-09-23
75730308,"✅🔥✅FAST!✅50M + Level 30✅Fully linked to your own details✅Mobile version✅🔥✅, Arena Breakout Mobile, Sale",27.17,50.0,False,2026-09-23
75730246,"✅🔥✅FAST!✅30M + Level 30✅Fully linked to your own details✅Mobile version✅🔥✅, Arena Breakout Mobile, Sale",19.41,30.0,False,2026-09-23
75730234,"✅🔥✅FAST!✅20M + Level 30✅Fully linked to your own details✅Mobile version✅🔥✅, Arena Breakout Mobile, Sale",12.94,20.0,False,2026-09-23
77884339,"8 kk mali4ki montirovka, Arena Breakout Mobile, Sale",2.16,8.0,False,2026-09-23
73375797,"Account just got them talk Milano yes or they're not, Arena Breakout Mobile, Sale",57.21,,False,2026-09-23
77859350,"arena breakout akkount, Arena Breakout Mobile, Sale",143.78,,False,2026-09-23
75607351,"🎮 ARENA BREAKOUT: Mobile 🎮 💜 Google Play * • Level 30 * • 36 🍋 Warehouse Full access •, Arena Breakout Mobile, Sale",19.41,,False,2026-09-23
75936680,"🇪🇬ACCOUNT WITH EGYPTIAN KERAMBIT🇪🇬OLD SETS🥶, Arena Breakout Mobile, Sale",64.7,,False,2026-09-23
72265011,"💎Capsule Account (Seasons S1–S4) | 8.3M Stash Value / 4.6M Cash | Rare Items & Event Items💎, Arena Breakout Mobile, Sale",26.74,8.3,False,2026-09-23
77321568,"Top account in Arena, Arena Breakout Mobile, Sale",57.21,,False,2026-09-23
69921868,"Account S2  has 7 knives, Arena Breakout Mobile, Sale",287.56,,True,2026-09-23
76099046,"🎮Arena Breakout Mobile🎮 |💎30 LEVEL💎 | 💰10.000.000 COHEN💰 |✅🔐 NEW DATA✅🔐, Arena Breakout Mobile, Sale",7.19,10.0,False,2026-09-23
63735316,"Very cheaply sold account where a lot of money was invested., Arena Breakout Mobile, Sale",107.83,,False,2026-09-23
76296657,"Solid account for the price. Everything matches the description 🚀🚀🚀, Arena Breakout Mobile, Sale",115.02,,False,2026-09-23
76515796,"6,3mln sklada//4mln nalichka, Arena Breakout Mobile, Sale",4.42,,False,2026-09-24
72508815,"[Mobile ONLY] [level 30] 30M (30 kk) Korn Coins+Other Random Items/ Full Access z35, Arena Breakout Mobile, Sale",7.71,30.0,False,2026-09-24
76766387,"account 300M from season 4 there is butterfly knife knight sword and 3 gold suits, Arena Breakout Mobile, Sale",220.58,300.0,True,2026-09-24
75346660,"Embercore, Premium Battle Pass, 7,232K Cash, 32,7M Storage, Read Description, Arena Breakout Mobile, Sale",188.3,32.7,False,2026-09-24
67785442,"Legend S4, Premium Battle Pass, 11,468K Cash, 35,4M Storage, Read Description, Arena Breakout Mobile, Sale",50.21,35.4,False,2026-09-24
66305727,"Legend S11, Premium Battle Pass, 31,748K Cash, 91M Storage, Read Description, Arena Breakout Mobile, Sale",106.7,91.0,False,2026-09-24
76303227,"🤍🤍🤍GOOD ACCOUNT FOR COMFORTABLE GAME🤍🤍🤍, Arena Breakout Mobile, Sale",10.5,,False,2026-09-24
77631612,"Account 20 millions+knife, Arena Breakout Mobile, Sale",101.06,,True,2026-09-24
77447106,"Account for start, Arena Breakout Mobile, Sale",12.63,,False,2026-09-24
74699277,"Account with 100kk storage, Arena Breakout Mobile, Sale",75.79,100.0,False,2026-09-24
77772628,"PERSONAL ACCOUNT ✅ 🌍 110M STASH 🌍 2 PAID KNIVES 🌍, Arena Breakout Mobile, Sale",287.47,110.0,True,2026-09-24
77885210,"30 lvl, 165M stash, 134M cash, 935 coens, Arena Breakout Mobile, Sale",43.12,165.0,False,2026-09-24
72948698,"[Mobile ONLY] [level 30] 60M (60 kk) Korn Coins+Other Random Items/ Full Access z-9s, Arena Breakout Mobile, Sale",21.04,60.0,False,2026-09-24
74981748,"💥TOP ACC 5.1KK🟨🟪+FULL ACCESS TO MAIL+AUTO-DELIVERY, Arena Breakout Mobile, Sale",0.93,5.1,False,2026-09-24
54555725,"💎Auto issuance💎 1k in cash💎 many equipment coupons💎 name change card💎 and more💎, Arena Breakout Mobile, Sale",7.19,,False,2026-09-24
76938003,"Old account – 133 million – 3 knives and gloves, Arena Breakout Mobile, Sale",282.44,,True,2026-09-24
77729046,"sells a twink with 40k cash, 15k + gear in the cache and 3t7, Arena Breakout Mobile, Sale",17.25,,False,2026-09-24
77724953,"Selling personal account, Arena Breakout Mobile, Sale",25.87,,False,2026-09-24
77016457,"FULL AKKAYNT ARENA BREAKOUT, Arena Breakout Mobile, Sale",129.36,,False,2026-09-24
76751238,"Account from Season 1. Level 30. 91 million in cash | 125 million in the warehouse., Arena Breakout Mobile, Sale",431.21,,False,2026-09-24
76685862,"Account for sale! 1600 hours, 10,000 raids, 6 million warehouse, includes a knife, Arena Breakout Mobile, Sale",57.49,,True,2026-09-24
76390670,"💫Zombie mode support 🧟, Arena Breakout Mobile, Sale",61.81,,False,2026-09-24
73838360,"Arena Breakout Mobile account with a stash value of over 500 million., Arena Breakout Mobile, Sale",862.42,,False,2026-09-24
68775889,"Selling a Game Account (check description), Arena Breakout Mobile, Sale",86.24,,False,2026-09-24
67538603,"3 knives, 2 pairs of gloves, 2 suits check description, Arena Breakout Mobile, Sale",297.54,,True,2026-09-24
75702120,"🖤🤍ARENA BREAKOUT MOBILE🤍MAIL+PASSWORD🖤💎30LVL 20,000,000 CURRENCIES💎🖤AUTO DELIVERY 24/7⚡️🖤🖤, Arena Breakout Mobile, Sale",9.02,20.0,False,2026-09-24
75866821,"💰 30.6KK+ COINS 💰 | 💎 44KK+ INVENTORY VALUE 💎 🎟️ 1,640+ APPEARANCE VOUCHERS 🎟️ | 🔥 MANY SKINS 🔥, Arena Breakout Mobile, Sale",15.69,30.6,False,2026-09-24
75705965,"💎LEVEL 30💎 | 💰$10,000,000 COHENS💰 |✅🔐FULL DATA✅🔐, Arena Breakout Mobile, Sale",5.88,10.0,False,2026-09-24
74953726,"💎LEVEL 30💎 | 💰$30,000,000 COHENS💰 |✅🔐FULL DATA✅🔐, Arena Breakout Mobile, Sale",12.9,30.0,False,2026-09-24
74917045,"💎LEVEL 30💎 | 💰$50,000,000 COHENS💰 |✅🔐FULL DATA✅🔐, Arena Breakout Mobile, Sale",20.08,50.0,False,2026-09-24
77730058,"Great account dark zone!, Arena Breakout Mobile, Sale",28.66,,False,2026-09-24
35220446,"Personal account stash 250kk knife+gloves+fal, Arena Breakout Mobile, Sale",573.26,250.0,True,2026-09-24
77770495,"I’m selling my personal account because I’m switching to Infinity🤗, Arena Breakout Mobile, Sale",71.66,,False,2026-09-24
77252543,"LVL 30 ACCOUNT WITH LEGENDARY 5M STORAGE, Arena Breakout Mobile, Sale",28.65,5.0,False,2026-09-24
76663008,"Donation account stash of 10 million mk14 tk, Arena Breakout Mobile, Sale",186.31,,False,2026-09-24
77541265,"💤🌀6k Cohens🌀💤 21  Level 🌀Arena breakout 🌀 native account, Arena Breakout Mobile, Sale",4.3,,False,2026-09-24
77008896,"Selling an account for personal use, Arena Breakout Mobile, Sale",288.72,,False,2026-09-24
76384308,"🔥 PRO ARENA BREAKOUT ACCOUNT — READY TO PLAY! 🔥, Arena Breakout Mobile, Sale",3.37,,False,2026-09-24
76362841,"🔥 PRO ARENA BREAKOUT ACCOUNT FOR SALE!🔥, Arena Breakout Mobile, Sale",5.73,,False,2026-09-24
75240577,"🎯 Arena Breakout | 6 million | RPK-16, AK-12, MDR | Returning player rewards + 2×2 safe, Arena Breakout Mobile, Sale",5.73,,False,2026-09-24
75137466,"SELLING A DONATED ACCOUNT IN ARENA BREAKOUT, Arena Breakout Mobile, Sale",214.18,,False,2026-09-24
70261716,"🤑Personal account from the first season🤑 🤩meteorite kukri knife🤩 👀Ajax skin👀 🥶121kk stash🥶, Arena Breakout Mobile, Sale",186.31,121.0,True,2026-09-24
62608624,"MOBILE VERSION, 63+ thermal imager, 85 kk warehouse, a lot of donations, a knife., Arena Breakout Mobile, Sale",214.97,85.0,True,2026-09-24
56453849,"Personal account with closed beta season 1, 💰Stock value: 10.2M, 💲Cash: 7.3M, Arena Breakout Mobile, Sale",3.09,10.2,False,2026-09-24
74081059,"24/7 Automatic issuance💥 accounts for your further actions ❤️‍🔥 description, Arena Breakout Mobile, Sale",0.036,,False,2026-09-24
77729545,"✅🔥✅FAST!✅10M + Level 30✅Fully linked to your own details✅Mobile version✅🔥✅, Arena Breakout Mobile, Sale",7.17,10.0,False,2026-09-24
75982223,"✅🔥✅FAST!✅40M + Level 30✅Fully linked to your own details✅Mobile version✅🔥✅, Arena Breakout Mobile, Sale",22.23,40.0,False,2026-09-24
75730308,"✅🔥✅FAST!✅50M + Level 30✅Fully linked to your own details✅Mobile version✅🔥✅, Arena Breakout Mobile, Sale",27.1,50.0,False,2026-09-24
75730246,"✅🔥✅FAST!✅30M + Level 30✅Fully linked to your own details✅Mobile version✅🔥✅, Arena Breakout Mobile, Sale",19.36,30.0,False,2026-09-24
75730234,"✅🔥✅FAST!✅20M + Level 30✅Fully linked to your own details✅Mobile version✅🔥✅, Arena Breakout Mobile, Sale",12.91,20.0,False,2026-09-24
77576348,"💰 10KK cash | Level 30 | Mobile version | Complete re-binding to yourself |, Arena Breakout Mobile, Sale",3.61,10.0,False,2026-09-24
77576346,"💰 20KK cash | Level 30 | Mobile version | Complete re-binding to yourself |, Arena Breakout Mobile, Sale",6.02,20.0,False,2026-09-24
77576344,"💰 30KK cash | Level 30 | Mobile version | Complete re-binding to yourself |, Arena Breakout Mobile, Sale",9.63,30.0,False,2026-09-24
77576341,"💰 40KK cash | Level 30 | Mobile version | Complete re-binding to yourself |, Arena Breakout Mobile, Sale",11.93,40.0,False,2026-09-24
77576302,"💰 60KK cash | Level 30 | Mobile version | Complete re-binding to yourself |, Arena Breakout Mobile, Sale",19.26,60.0,False,2026-09-24
77575975,"👑2 ACCOUNTS | 10+10KK cash | Level 30 | Mobile version | Complete re-binding to yourself |, Arena Breakout Mobile, Sale",6.02,10.0,False,2026-09-24
77575974,"👑2 ACCOUNTS | 20+20KK cash | Level 30 | Mobile version | Complete re-binding to yourself |, Arena Breakout Mobile, Sale",10.23,20.0,False,2026-09-24
77575971,"👑2 ACCOUNTS | 30+30KK cash | Level 30 | Mobile version | Complete re-binding to yourself |, Arena Breakout Mobile, Sale",17.45,30.0,False,2026-09-24
77575968,"👑2 ACCOUNTS | 40+40KK cash | Level 30 | Mobile version | Complete re-binding to yourself |, Arena Breakout Mobile, Sale",21.66,40.0,False,2026-09-24
77575943,"👑2 ACCOUNTS | 60+60KK cash | Level 30 | Mobile version | Complete re-binding to yourself |, Arena Breakout Mobile, Sale",36.71,60.0,False,2026-09-24
77575666,"💎3 ACCOUNTS | 10+10+10KK cash | Level 30 | Complete re-binding to yourself | Issue 1-10 minutes ✅, Arena Breakout Mobile, Sale",9.03,10.0,False,2026-09-24
77575665,"💎3 ACCOUNTS | 20+20+20KK cash | Level 30 | Complete re-binding to yourself | Issue 1-10 minutes ✅, Arena Breakout Mobile, Sale",15.65,20.0,False,2026-09-24
77575660,"💎3 ACCOUNTS | 30+30+30KK cash | Level 30 | Complete re-binding to yourself | Issue 1-10 minutes ✅, Arena Breakout Mobile, Sale",25.88,30.0,False,2026-09-24
77575656,"💎3 ACCOUNTS | 40+40+40KK cash | Level 30 | Complete re-binding to yourself | Issue 1-10 minutes ✅, Arena Breakout Mobile, Sale",33.1,40.0,False,2026-09-24
77575231,"💎3 ACCOUNTS | 60+60+60KK cash | Level 30 | Complete re-binding to yourself | Issue 1-10 minutes ✅, Arena Breakout Mobile, Sale",55.37,60.0,False,2026-09-24
77931330,"Sale of the main account 30lvl, 3 knives, 4 skins on Persian, mk14-ice, mk-14-acceler., Arena Breakout Mobile, Sale",172.08,,True,2026-09-24
77936729,"A top‑tier account for a good start., Arena Breakout Mobile, Sale",83.17,,False,2026-09-24
77485665,"Account for sell, Arena Breakout Mobile, Sale",200.85,,False,2026-09-24
77451749,"Account for sell, Arena Breakout Mobile, Sale",251.06,,False,2026-09-24
70137150,"🎀🕸️30 LVL | 24KK CACHE | 18KK CASH | SKINS | KEYS🕸️🎀, Arena Breakout Mobile, Sale",15.93,24.0,False,2026-09-24
77824855,"Sell account. Old acc, Arena Breakout Mobile, Sale",20.08,,False,2026-09-24
77789313,"600mln, 3 skin ,3 noj, Arena Breakout Mobile, Sale",430.21,,False,2026-09-24
57915919,"27LVL✨12kk cash💰12.9kk stocks🏢name change card📜speed kits,keys+Gmail,bargaining is appropriate💰🔨, Arena Breakout Mobile, Sale",10.83,12.0,False,2026-09-24
57812463,"23LVL✨5kk cash💰5.6kk stocks🏢name change card📜Speed kits,keys+Gmail mail,bargain is appropriate💰🔨, Arena Breakout Mobile, Sale",4.81,5.0,False,2026-09-24
77381670,"Donate the account; the account has gloves, the “Wrath” skin, Hecate, and many other skins., Arena Breakout Mobile, Sale",35.85,,True,2026-09-24
70876121,"💸💎Level 30💎 15.2K in stock, 13.8K cash💸, Arena Breakout Mobile, Sale",7.89,,False,2026-09-24
77163671,"ARENA BREAKOUT MOBILE: 192,000,000 Koens, 31 character skins, and weapon skins., Arena Breakout Mobile, Sale",1219.0,192.0,False,2026-09-24
77140891,"My account from 1 season,   no cheats or third-party software were ever used, Arena Breakout Mobile, Sale",451.91,,False,2026-09-24
76621700,"Jsjsjnxjsiwjdbdjxoskwhdbxjzisjs, Arena Breakout Mobile, Sale",3.59,,False,2026-09-24
76231351,"account the donation nice good, Arena Breakout Mobile, Sale",8.6,,False,2026-09-24
75359124,"Selling an Old Ak 5 Noeets with several characters., Arena Breakout Mobile, Sale",143.4,,False,2026-09-24
74076514,"too good and fat account in arena breakout, Arena Breakout Mobile, Sale",157.74,,False,2026-09-24
65589082,"One out of 10 accounts with sv more than 1 billion with cash value of 920mil., Arena Breakout Mobile, Sale",1649.0,,False,2026-09-24
35121073,"Good account ✅️ AUTO-issue ✅️ Level 25 ✅️ Mail ✅️ Thermal imager ✅️ Arena Breakout Mobile 🎮, Arena Breakout Mobile, Sale",22.94,,False,2026-09-24
77823706,"Account from season 3, 4.5m storage, 1.3m money, 4 knife donations, 3 character donations, Arena Breakout Mobile, Sale",460.89,4.5,True,2026-09-25
77708588,"Call for sale from the game arena breakout mobile, Arena Breakout Mobile, Sale",286.8,,False,2026-09-25
77535758,"So you don’t have a choice to make a living off the, Arena Breakout Mobile, Sale",358.5,,False,2026-09-25
75346660,"Embercore, Premium Battle Pass, 7,232K Cash, 32,7M Storage, Read Description, Arena Breakout Mobile, Sale",214.18,32.7,False,2026-09-25
67785442,"Legend S4, Premium Battle Pass, 11,468K Cash, 35,4M Storage, Read Description, Arena Breakout Mobile, Sale",57.12,35.4,False,2026-09-25
66305727,"Legend S11, Premium Battle Pass, 31,748K Cash, 91M Storage, Read Description, Arena Breakout Mobile, Sale",121.37,91.0,False,2026-09-25
71712572,"🔥🔥🔥💲160million💲 top account with skins🔥🔥🔥, Arena Breakout Mobile, Sale",132.36,,False,2026-09-25
66739248,"Account 40kk, money 13kk, and free account 15kk, Arena Breakout Mobile, Sale",17.21,40.0,False,2026-09-25
67032775,"🎀 ARENA BREAKOUT🎀 💰 Balance: 3.1KK💰 📈 LVL: 20 📈💵 Total cost: 5.4KK 💵 ◤AUTO DELIVERY◢, Arena Breakout Mobile, Sale",2.87,3.1,False,2026-09-25
75159408,"👾Good Account😍[Screenshots,Description](💯Security), Arena Breakout Mobile, Sale",6.45,,False,2026-09-25
77340925,"Six seven Six seven Six seven Six seven, Arena Breakout Mobile, Sale",93.21,,False,2026-09-25
74980400,"Donation account | 8 knives | gloves | 200kk+ storage value | Lucky rabbit, Arena Breakout Mobile, Sale",1142.0,200.0,True,2026-09-25
74447114,"I am selling my personal account, including the associated email address., Arena Breakout Mobile, Sale",71.7,,False,2026-09-25
77729545,"✅🔥✅FAST!✅10M + Level 30✅Fully linked to your own details✅Mobile version✅🔥✅, Arena Breakout Mobile, Sale",7.18,10.0,False,2026-09-25
75982223,"✅🔥✅FAST!✅40M + Level 30✅Fully linked to your own details✅Mobile version✅🔥✅, Arena Breakout Mobile, Sale",22.26,40.0,False,2026-09-25
75730308,"✅🔥✅FAST!✅50M + Level 30✅Fully linked to your own details✅Mobile version✅🔥✅, Arena Breakout Mobile, Sale",27.14,50.0,False,2026-09-25
75730246,"✅🔥✅FAST!✅30M + Level 30✅Fully linked to your own details✅Mobile version✅🔥✅, Arena Breakout Mobile, Sale",19.39,30.0,False,2026-09-25
75730234,"✅🔥✅FAST!✅20M + Level 30✅Fully linked to your own details✅Mobile version✅🔥✅, Arena Breakout Mobile, Sale",12.92,20.0,False,2026-09-25
74575085,"⚡️ INSTANT DELIVERY ⚡️  ACCOUNT $70.000,000 💰 FULL ACCESS (TRANSFER TO YOU) 🔑 LEVEL 30 👑, Arena Breakout Mobile, Sale",41.83,70.0,False,2026-09-25
77871331,"22 LVL 5.4KK Cash 7.8KK Total Gaming Account Instant Delivery, Arena Breakout Mobile, Sale",4.63,5.4,False,2026-09-25
77869269,"A premium gaming account with instant delivery for old game titles, Arena Breakout Mobile, Sale",6.93,,False,2026-09-25
77868404,"Account with juicy warehouse and rare appearances!, Arena Breakout Mobile, Sale",17.77,,False,2026-09-25
77645947,"ACCOUNT! KYF SKINCHES 3k warehouse, 300k cash, instant delivery, gaming account, Arena Breakout Mobile, Sale",26.24,,False,2026-09-25
77634349,"Gaming Account 5 kk cash 8 kk instant delivery to warehouse and safe 2 on 2, Arena Breakout Mobile, Sale",11.09,5.0,False,2026-09-25
77486079,"Gaming CHEAP Account Instant Delivery, 24/7 Support, Safe Payment Options, Arena Breakout Mobile, Sale",20.71,,False,2026-09-25
77346837,"Gaming Account Arena Breakout - Instant Delivery, 100% Safe, Arena Breakout Mobile, Sale",10.57,,False,2026-09-25
77344198,"ARENA BRACKOUT MOBILE GAMING ACCOUNT - INSTANT DELIVERY, Arena Breakout Mobile, Sale",23.79,,False,2026-09-25
63184223,"16M V SKLADE//10M NALICHY, Arena Breakout Mobile, Sale",5.03,16.0,False,2026-09-25
77980152,"knife, many skins, 30lvl, Arena Breakout Mobile, Sale",17.81,,True,2026-09-25
37255263,"🟥APPEARANCE-KNIFE-CHARACTER//SAFE 2x3//5-t7//85kk-75kk±💵//DESCRIPTION BELOW, Arena Breakout Mobile, Sale",387.74,85.0,True,2026-09-25
74981609,"💥TOP ACC 4.4KK🟨🟪+FULL ACCESS TO MAIL+AUTO-DELIVERY, Arena Breakout Mobile, Sale",0.93,4.4,False,2026-09-25
74713683,"💥TOP ACC 5.3KK🟨🟪+FULL ACCESS TO MAIL+AUTO-DELIVERY, Arena Breakout Mobile, Sale",0.93,5.3,False,2026-09-25
77596445,"5 knives, 3 gold skins, Arena Breakout Mobile, Sale",287.21,,True,2026-09-25
73733604,"Personal account (donat), Arena Breakout Mobile, Sale",646.23,,False,2026-09-25
56466899,"🎃👑💰4.4M STASH💰🎃💀2.6M CASH💀🎃🕸️A FEW COOL SKINS🕸️🎃👑🔥FULL ACCESS🔥, Arena Breakout Mobile, Sale",7.15,4.4,False,2026-09-25
76651185,"Rosie be having the best day ever with, Arena Breakout Mobile, Sale",7.18,,False,2026-09-25
76536065,"top AK in the arena, Arena Breakout Mobile, Sale",7.18,,False,2026-09-25
76527867,"Top AK, Arena Breakout Mobile, Sale",8.62,,False,2026-09-25
76296657,"Solid account for the price. Everything matches the description 🚀🚀🚀, Arena Breakout Mobile, Sale",114.89,,False,2026-09-25
64406937,"account based on skins, Arena Breakout Mobile, Sale",8.62,,False,2026-09-25
36457066,"Arena Breakout operative appearance Season 3,4,5 and BP season 4, Arena Breakout Mobile, Sale",43.08,,False,2026-09-25
70683078,"[MOBILE]Level 30/60M（60kk）+korn coins/auto sell/dont wait, Arena Breakout Mobile, Sale",17.35,60.0,False,2026-09-25
78014485,"💋 😈 💯 【ARENA BREAKOUT】 STOCK 4.3M 🎒 2.98M COINS 🪙 5 LVL ⚡ EPIC SKINS 🔐 FULL ACCESS / 💯 😈 💋, Arena Breakout Mobile, Sale",9.45,4.3,False,2026-09-25
78014484,"💋 😈 💯 【ARENA BREAKOUT】 STOCK 5.2M 🎒 3.7M COINS 🪙 7 LVL ⚡ EPIC SKINS 🔐 FULL ACCESS / A 💯 😈 💋, Arena Breakout Mobile, Sale",9.02,5.2,False,2026-09-25
78014482,"💋 😈 💯 【ARENA BREAKOUT】 STOCK 4.7M 🎒 3.6M COINS 🪙 7 LVL ⚡ EPIC SKIN 🔐 FULL ACCESS / AU 💯 😈 💋, Arena Breakout Mobile, Sale",9.45,4.7,False,2026-09-25
78014481,"💋 😈 💯 【ARENA BREAKOUT】 STOCK 5.3M 🎒 3.9M COINS 🪙 5 LVL ⚡ EPIC SKINS 🔐 FULL ACCESS / A 💯 😈 💋, Arena Breakout Mobile, Sale",9.45,5.3,False,2026-09-25
78014479,"💋 😈 💯 【ARENA BREAKOUT】 STOCK 6.6M 🎒 4.4M COINS 🪙 5 LVL ⚡ LEG+EPIC SKINS 🔐 FULL ACCESS 💯 😈 💋, Arena Breakout Mobile, Sale",10.62,6.6,False,2026-09-25
78014478,"💋 😈 💯 【ARENA BREAKOUT】 STOCK 6.5M 🎒 4.4M COINS 🪙 5 LVL ⚡ EPIC SKIN 🔐 FULL ACCESS / AU 💯 😈 💋, Arena Breakout Mobile, Sale",10.62,6.5,False,2026-09-25
78014476,"💋 😈 💯 【ARENA BREAKOUT】 STOCK 6.8M 🎒 6M COINS 🪙 4 LVL ⚡ EPIC SKIN 🔐 FULL ACCESS / AUTO 💯 😈 💋, Arena Breakout Mobile, Sale",10.62,6.8,False,2026-09-25
78014475,"💋 😈 💯 【ARENA BREAKOUT】 STOCK 4.6M 🎒 3.25M COINS 🪙 6 LVL ⚡ EPIC SKINS 🔐 FULL ACCESS / 💯 😈 💋, Arena Breakout Mobile, Sale",8.92,4.6,False,2026-09-25
78014473,"💋 😈 💯 【ARENA BREAKOUT】 STOCK 4.8M 🎒 3.6M COINS 🪙 6 LVL ⚡ MANY EPIC SKINS 🔐 FULL ACCES 💯 😈 💋, Arena Breakout Mobile, Sale",8.92,4.8,False,2026-09-25
78014471,"💋 😈 💯 【ARENA BREAKOUT】 STOCK 6.7M 🎒 5.2M COINS 🪙 5 LVL ⚡ EPIC SKIN 🔐 FULL ACCESS / AU 💯 😈 💋, Arena Breakout Mobile, Sale",8.91,6.7,False,2026-09-25
78014469,"💋 😈 💯 【ARENA BREAKOUT】 STOCK 5.1M 🎒 3.68M COINS 🪙 6 LVL 🔫 WEAPON SKINS 🔐 FULL ACCESS 💯 😈 💋, Arena Breakout Mobile, Sale",8.92,5.1,False,2026-09-25
78014467,"💋 😈 💯 【ARENA BREAKOUT】 STOCK 5.6M 🎒 3.79M COINS 🪙 7 LVL ⚡ EPIC SKINS 🔐 FULL ACCESS / 💯 😈 💋, Arena Breakout Mobile, Sale",8.92,5.6,False,2026-09-25
78014465,"💋 😈 💯 【ARENA BREAKOUT】 STOCK 5.5M 🎒 3.38M COINS 🪙 7 LVL ⚡ EPIC SKIN 🔐 FULL ACCESS / A 💯 😈 💋, Arena Breakout Mobile, Sale",8.92,5.5,False,2026-09-25
78014463,"💋 😈 💯 【ARENA BREAKOUT】 STOCK 5.4M 🎒 4.17M COINS 🪙 5 LVL ⚡ EPIC SKIN 🔐 FULL ACCESS / A 💯 😈 💋, Arena Breakout Mobile, Sale",8.49,5.4,False,2026-09-25
73706430,"⚡️ INSTANT DELIVERY ⚡️  ACCOUNT $20,000,000 💰 FULL ACCESS (TRANSFER TO YOU) 🔑 LEVEL 30 👑, Arena Breakout Mobile, Sale",10.57,20.0,False,2026-09-25
73705596,"⚡️ INSTANT DELIVERY ⚡️  ACCOUNT $30,000,000 💰 FULL ACCESS (TRANSFER TO YOU) 🔑 LEVEL 30 👑, Arena Breakout Mobile, Sale",13.74,30.0,False,2026-09-25
72440039,"⚡️ INSTANT DELIVERY ⚡️ ACCOUNT WITH $60,000,000 💰 FULL ACCESS (TRANSFERABLE TO YOU) 🔑 LEVEL 30 👑, Arena Breakout Mobile, Sale",26.42,60.0,False,2026-09-25
72115209,"⚡️ INSTANT DELIVERY ⚡️ ACCOUNT WITH $40,000,000 💰 FULL ACCESS (TRANSFERABLE TO YOU) 🔑 LEVEL 30 👑, Arena Breakout Mobile, Sale",16.91,40.0,False,2026-09-25
72019776,"⚡️ INSTANT DELIVERY ⚡️  ACCOUNT $50,000,000 💰 FULL ACCESS (TRANSFER TO YOU) 🔑 LEVEL 30 👑, Arena Breakout Mobile, Sale",21.13,50.0,False,2026-09-25
78033053,"TOP ACCOUNT, SKIN ON T7, KNIFE SKIN ON CHARACTER, 2 SKINS ON MK14, FAT ACC, Arena Breakout Mobile, Sale",63.48,,True,2026-09-25
72948756,"[Mobile ONLY] [level 30]100M (100 kk) Korn Coins+Other Random Items/ Full Access  j2FS, Arena Breakout Mobile, Sale",57.25,100.0,False,2026-09-25
77965189,"2 in 1 PC+MOBILE Account Sale (Easy start) (possible for resale) TRADE, Arena Breakout Mobile, Sale",31.74,,False,2026-09-25
77931290,"The account is fat, 42 million in cash, 88 million, Arena Breakout Mobile, Sale",88.88,,False,2026-09-25
77323012,"I’M SELLING AN ACCOUNT WITH A DONATION!!, Arena Breakout Mobile, Sale",106.52,,False,2026-09-25
75513321,"1050m, mk14 kiberpank, 870m in cash, 104 t7, lots of gold skins., Arena Breakout Mobile, Sale",1652.0,1050.0,False,2026-09-25
67458230,"[MOBILE]Level 30/40M（40kk）+korn coins/auto sell/dont wait, Arena Breakout Mobile, Sale",10.22,40.0,False,2026-09-25
78000151,"💎MANUAL ISSUANCE | 3 ACCOUNTS | 10+10+10KK cash | Level 30 | Complete re-binding to yourself |, Arena Breakout Mobile, Sale",34.96,10.0,False,2026-09-25
77999788,"👑MANUAL ISSUING | 2 ACCOUNTS | 50+50KK cash | Level 30 | Complete re-binding to yourself, Arena Breakout Mobile, Sale",31.34,50.0,False,2026-09-25
77729545,"✅🔥✅FAST!✅10M + Level 30✅Fully linked to your own details✅Mobile version✅🔥✅, Arena Breakout Mobile, Sale",7.24,10.0,False,2026-09-25
75982223,"✅🔥✅FAST!✅40M + Level 30✅Fully linked to your own details✅Mobile version✅🔥✅, Arena Breakout Mobile, Sale",22.45,40.0,False,2026-09-25
75730308,"✅🔥✅FAST!✅50M + Level 30✅Fully linked to your own details✅Mobile version✅🔥✅, Arena Breakout Mobile, Sale",27.38,50.0,False,2026-09-25
75730246,"✅🔥✅FAST!✅30M + Level 30✅Fully linked to your own details✅Mobile version✅🔥✅, Arena Breakout Mobile, Sale",19.55,30.0,False,2026-09-25
75730234,"✅🔥✅FAST!✅20M + Level 30✅Fully linked to your own details✅Mobile version✅🔥✅, Arena Breakout Mobile, Sale",13.04,20.0,False,2026-09-25
75739060,"6,3mln sklada//4mln nalichka, Arena Breakout Mobile, Sale",5.07,,False,2026-09-25
77893470,"10.000.000💖30LVL💖MANY SKINS💖KNIFE, Arena Breakout Mobile, Sale",5.07,10.0,True,2026-09-25
76303227,"🤍🤍🤍GOOD ACCOUNT FOR COMFORTABLE GAME🤍🤍🤍, Arena Breakout Mobile, Sale",12.04,,False,2026-09-25
77627371,"Old account adidas mk-14 shrapnel, Arena Breakout Mobile, Sale",231.76,,False,2026-09-25
77909759,"SALE OF PERSONAL ACCOUNT, Arena Breakout Mobile, Sale",86.91,,False,2026-09-25
75456705,"Cool ak with a big ball, Arena Breakout Mobile, Sale",202.79,,False,2026-09-25
70260957,"A bomb account for playing with lots of knives, lots of skins, and everything you might need, Arena Breakout Mobile, Sale",362.13,,True,2026-09-25
77214746,"Account from Season 1; includes 5 premium knives, 2 pairs of gloves, and 4 premium outfits., Arena Breakout Mobile, Sale",173.82,,True,2026-09-25
76504473,"Good account, warehouse, 21 million in cash, 13 million, Arena Breakout Mobile, Sale",46.35,,False,2026-09-25
77961686,"jxjdisudhhdd duduzusuisud dhxhzizizjsjsbsbsjsjd, Arena Breakout Mobile, Sale",5.07,,False,2026-09-25
74756490,"Full Samurai + Full Knight + Full Star Track + 5400, Arena Breakout Mobile, Sale",217.28,,False,2026-09-25
71049194,"Ksgsyzhz, Arena Breakout Mobile, Sale",43.38,,False,2026-09-25
68202210,"Good account 2x3 safe, 4 knifes, Arena Breakout Mobile, Sale",72.43,,True,2026-09-25
64069037,"Account 45 million, lots of skins, Arena Breakout Mobile, Sale",60.11,,False,2026-09-25
78000152,"💎MANUAL ISSUANCE | 12 ACCOUNTS | 40KK cash | Level 30 | Complete re-binding to yourself |, Arena Breakout Mobile, Sale",142.45,40.0,False,2026-09-26
77485665,"Account for sell, Arena Breakout Mobile, Sale",176.33,,False,2026-09-26
77451749,"Account for sell, Arena Breakout Mobile, Sale",220.42,,False,2026-09-26
77789313,"600mln, 3 skin ,3 noj, Arena Breakout Mobile, Sale",380.38,,False,2026-09-26
76872950,"400 million — a massive account: 5 premium knives and 2 gold characters, Arena Breakout Mobile, Sale",553.39,,True,2026-09-26
69411330,"💷💷💷THE FATTEST ACCOUNT WITH ANGER AND THE FIRST RED SKIN💷💷💷, Arena Breakout Mobile, Sale",85.59,,False,2026-09-26
74272162,"🎮Arena Breakout Mobile🎮 |💎LEVEL 30💎 | 💰$50.000.000 COENS💰 |✅🔐FULL DATA✅🔐, Arena Breakout Mobile, Sale",19.65,50.0,False,2026-09-26
72508757,"[Mobile ONLY] [level 30] 70M(70 kk) Korn Coins+Other Random Items/ Full Access   j9F, Arena Breakout Mobile, Sale",21.82,70.0,False,2026-09-26
76660285,"24/7 Automatic issuance💥 accounts for your further actions ❤️‍🔥 description, Arena Breakout Mobile, Sale",0.032,,False,2026-09-26
70633745,"💠 PERSONAL ACCOUNT 💠 || 💠Shron 103kk / Balance 17.7kk💠 || 💠Login (Level Infinite) 💠, Arena Breakout Mobile, Sale",88.86,103.0,False,2026-09-26
77692233,"🔥Arena Breakout account, Ajax skin, machete knife, tons of weapon and gear skins🔥, Arena Breakout Mobile, Sale",12.68,,True,2026-09-26
76553943,"There are 2 knives in the account, 24 million, Arena Breakout Mobile, Sale",60.13,,True,2026-09-26
76178185,"There are 4 knives in the account, the warehouse is 16 million 80€, Arena Breakout Mobile, Sale",82.85,,True,2026-09-26
74630941,"Go DW go DW go DW go Rx I'm Rx I'm Rx Rx Rx, Arena Breakout Mobile, Sale",117.06,,False,2026-09-26
77252543,"LVL 30 ACCOUNT WITH LEGENDARY 5M STORAGE, Arena Breakout Mobile, Sale",25.35,5.0,False,2026-09-26
77163671,"ARENA BREAKOUT MOBILE: 192,000,000 Koens, 31 character skins, and weapon skins., Arena Breakout Mobile, Sale",1078.0,192.0,False,2026-09-26
76473768,"an account with 806 million balik, Arena Breakout Mobile, Sale",469.14,,False,2026-09-26
76390670,"💫Zombie mode support 🧟, Arena Breakout Mobile, Sale",54.52,,False,2026-09-26
75590240,"I sell my account, Arena Breakout Mobile, Sale",165.31,,False,2026-09-26
68564603,"[MOBILE]Level 30/50M（50kk）+korn coins/auto sell/dont wait, Arena Breakout Mobile, Sale",13.57,50.0,False,2026-09-26
65589082,"One out of 10 accounts with sv more than 1 billion with cash value of 920mil., Arena Breakout Mobile, Sale",1458.0,,False,2026-09-26
30130108,"\\Stock 30.5kk//19.5kk in cash//MACHETE//, Arena Breakout Mobile, Sale",20.92,30.5,False,2026-09-26
